"Pozo","Estado","Acuífero","Elev.Brocal","Latitud","Longitud","1996","1997","1998","1999","2000","2001","2002","2003","2004","2005","2006","2007","2008","2009","2010","2011","2012","2013","2014","2015","2016","2017","2018","2019","2020","2021","2022","2023","2024","2025"
"V05","Baja California Sur","LAS VÍRGENES","9.00","27.409894","-112.309808","","","","","","","","","","","","","","","","","","7.4","","","","","","","","","","","",""
"V04","Baja California Sur","LAS VÍRGENES","7.00","27.406456","-112.307003","","","","","","","","","","","","","","","","","","5.15","","","","","","","","","","","",""
"V03","Baja California Sur","LAS VÍRGENES","12.00","27.408183","-112.307808","","","","","","","","","","","","","","","","","","7.32","","","","","","","","","","","",""
"V02","Baja California Sur","LAS VÍRGENES","7.00","27.409789","-112.307803","","","","","","","","","","","","","","","","","","5.81","","","","","","","","","","","",""
"TGM_1","Baja California Sur","LA PAZ","19.05","24.14417","-110.458","","21.3","","","","","","","","","","","","","","","","","","","","","","","","","","","",""
"TEATRO CIUDAD","Baja California Sur","LA PAZ","22.00","24.14683","-110.3183","","","","","","","","","","","","","","","16.91","","","","","","","","","","","","","","",""
"SMV38","Baja California Sur","SAN MARCOS-PALO VERDE","441.00","27.070319","-112.364472","","","","","","","","","","","","","","","","","","25","","","","","","","","","","","",""
"SMV37","Baja California Sur","SAN MARCOS-PALO VERDE","571.00","26.987617","-112.375006","","","","","","","","","","","","","","","","","","13.72","","","","","","","","","","","",""
"SMV36","Baja California Sur","SAN MARCOS-PALO VERDE","569.00","26.989028","-112.374858","","","","","","","","","","","","","","","","","","11.6","","","","","","","","","","","",""
"SMV35","Baja California Sur","SAN MARCOS-PALO VERDE","570.00","26.989969","-112.374317","","","","","","","","","","","","","","","","","","11.9","","","","","","","","","","","",""
"SMV34","Baja California Sur","SAN MARCOS-PALO VERDE","537.00","27.010381","-112.380136","","","","","","","","","","","","","","","","","","12.94","","","","","","","","","","","",""
"SMV33","Baja California Sur","SAN MARCOS-PALO VERDE","483.00","27.042847","-112.384275","","","","","","","","","","","","","","","","","","10.1","","","","","","","","","","","",""
"SMV32","Baja California Sur","SAN MARCOS-PALO VERDE","480.00","27.050194","-112.380336","","","","","","","","","","","","","","","","","","22.82","","","","","","","","","","","",""
"SMV31","Baja California Sur","SAN MARCOS-PALO VERDE","299.72","27.075864","-112.304742","","","","","","","","","","","","","","","","","","16.16","","","","","","","","","","","",""
"SMV30","Baja California Sur","SAN MARCOS-PALO VERDE","252.39","27.054339","-112.267586","","","","","","","","","","","","","","","","","","4.88","","","","","","","","","","","",""
"SMV29","Baja California Sur","SAN MARCOS-PALO VERDE","242.00","27.061694","-112.250806","","","","","","","","","","","","","","","","","","5.38","","","","","","","","","","","",""
"SMV28","Baja California Sur","SAN MARCOS-PALO VERDE","243.00","27.061564","-112.251119","","","","","","","","","","","","","","","","","","3.79","","","","","","","","","","","",""
"SMV27","Baja California Sur","SAN MARCOS-PALO VERDE","230.03","27.061694","-112.250831","","","","","","","","","","","","","","","","","","2.16","","","","","","","","","","","",""
"SMV26","Baja California Sur","SAN MARCOS-PALO VERDE","243.00","27.061856","-112.251492","","","","","","","","","","","","","","","","","","10.5","","","","","","","","","","","",""
"SMV25","Baja California Sur","SAN MARCOS-PALO VERDE","235.00","27.065381","-112.2446","","","","","","","","","","","","","","","","","","7.66","","","","","","","","","","","",""
"SMV24","Baja California Sur","SAN MARCOS-PALO VERDE","231.00","27.065469","-112.2444","","","","","","","","","","","","","","","","","","7.37","","","","","","","","","","","",""
"SMV23","Baja California Sur","SAN MARCOS-PALO VERDE","232.00","27.064656","-112.244767","","","","","","","","","","","","","","","","","","4.79","","","","","","","","","","","",""
"SMV22","Baja California Sur","SAN MARCOS-PALO VERDE","239.00","27.064758","-112.245578","","","","","","","","","","","","","","","","","","12.75","","","","","","","","","","","",""
"SMV21","Baja California Sur","SAN MARCOS-PALO VERDE","228.44","27.064292","-112.245819","","","","","","","","","","","","","","","","","","5.62","","","","","","","","","","","",""
"SMV20","Baja California Sur","SAN MARCOS-PALO VERDE","231.00","27.064475","-112.245286","","","","","","","","","","","","","","","","","","5.32","","","","","","","","","","","",""
"SMV19","Baja California Sur","SAN MARCOS-PALO VERDE","217.60","27.062614","-112.23715","","","","","","","","","","","","","","","","","","9.63","","","","","","","","","","","",""
"SMV17","Baja California Sur","SAN MARCOS-PALO VERDE","9.00","27.056206","-112.048539","7.65","7.9","","8","8.2","8.13","8.27","","","","","8.06","","","","","","7.79","","","","","","","","","","","",""
"SMV16","Baja California Sur","SAN MARCOS-PALO VERDE","7.24","27.052639","-112.04625","","6.67","","6.5","6.75","6.79","6.84","","","","","10.61","","","","","","6.26","","","","","","","","","","","",""
"SMV15","Baja California Sur","SAN MARCOS-PALO VERDE","9.13","27.053703","-112.050714","9.1","","","","","","","","","","","","","","","","","8.4","","","","","","","","","","","",""
"SMV14","Baja California Sur","SAN MARCOS-PALO VERDE","16.00","27.052461","-112.058497","","","","","","","","","","","","","","","","","","14.1","","","","","","","","","","","",""
"SMV11","Baja California Sur","SAN MARCOS-PALO VERDE","9.17","27.017486","-112.044808","","","","","8.85","8.5","8.59","","","","8.29","","","","","","","8.27","","","","","","","","","","","",""
"SMV10","Baja California Sur","SAN MARCOS-PALO VERDE","13.00","27.022167","-112.0515","11.26","11.05","","11.26","11.65","11.42","11.37","","","","","","","","","","","11.97","","","","","","","","","","","",""
"SMV09","Baja California Sur","SAN MARCOS-PALO VERDE","17.31","27.027711","-112.060456","16.61","16.37","","16.71","17.12","16.82","16.69","","","","16.44","22.4","","","","","","16.14","","","","","","","","","","","",""
"SMV08","Baja California Sur","SAN MARCOS-PALO VERDE","57.00","27.048233","-112.096614","","56.83","","","","","","","","","53.46","57.98","","","","","","57.04","","","","","","","","","","","",""
"SMV03","Baja California Sur","SAN MARCOS-PALO VERDE","10.60","27.108953","-112.071928","","9.38","","9.7","13.35","10.78","11.08","","","","10.16","","","","","","","9.98","","","","","","","","","","","",""
"SMV02","Baja California Sur","SAN MARCOS-PALO VERDE","10.14","27.113825","-112.070461","9.67","9.08","","9.55","12.65","10","10.03","","","","","","","","","","","10.52","","","","","","","","","","","",""
"SMV01","Baja California Sur","SAN MARCOS-PALO VERDE","11.00","27.114967","-112.073519","","","","","","","","","","","","","","","","","","6.75","","","","","","","","","","","",""
"SL18","Baja California Sur","SAN LUCAS","4.18","27.218394","-112.217297","","","","","","","","","","","","","","","","","","3.89","","","","","","","","","","","",""
"SL17","Baja California Sur","SAN LUCAS","11.00","27.221747","-112.222842","","","","","","","","","","","","","","","","","","7.24","","","","","","","","","","","",""
"SL15","Baja California Sur","SAN LUCAS","5.00","27.204831","-112.223403","","","","","","","","","","","","","","","","","","5","","","","","","","","","","","",""
"SL14","Baja California Sur","SAN LUCAS","8.34","27.212797","-112.223181","","","","","","","","","","","","","","","","","","6.7","","","","","","","","","","","",""
"SL13","Baja California Sur","SAN LUCAS","4.27","27.214292","-112.222169","","","","","","","","","","","","","","","","","","2.79","","","","","","","","","","","",""
"SL12","Baja California Sur","SAN LUCAS","8.00","27.220408","-112.219789","5.45","5","","","5.59","5.4","","","","","5.21","","","","","","","5.29","","","","","","","","","","","",""
"SL10","Baja California Sur","SAN LUCAS","3.92","27.222972","-112.219081","3.84","3.1","","","3.74","3.6","","","","","3.31","3.54","","","","","","3.29","","","","","","","","","","","",""
"SL09","Baja California Sur","SAN LUCAS","5.36","27.222019","-112.219158","5.15","4.84","","","6.62","5.3","","","","","5","5.3","","","","","","5.3","","","","","","","","","","","",""
"SL08","Baja California Sur","SAN LUCAS","4.15","27.227542","-112.221631","","","","","","","","","","","","","","","","","","4","","","","","","","","","","","",""
"SL07","Baja California Sur","SAN LUCAS","6.12","27.228056","-112.219667","6.11","5.53","","","6.07","6.13","","","","","5.93","","","","","","","5.95","","","","","","","","","","","",""
"SL06","Baja California Sur","SAN LUCAS","14.00","27.233397","-112.226294","","","","","","","","","","","","","","","","","","8.81","","","","","","","","","","","",""
"SL04","Baja California Sur","SAN LUCAS","5.21","27.219856","-112.223561","","","","","4.81","4.6","","","","","4.51","4.47","","","","","","4.66","","","","","","","","","","","",""
"SL03","Baja California Sur","SAN LUCAS","7.44","27.221681","-112.226286","","","","","","","","","","","","","","","","","","6.16","","","","","","","","","","","",""
"SL01","Baja California Sur","SAN LUCAS","6.54","27.220806","-112.224744","6.17","3.82","","","6.08","6.12","","","","","5.79","1.05","","","","","","6.07","","","","","","","","","","","",""
"SB20","Baja California Sur","SAN BRUNO","11.57","27.153136","-112.164886","10.96","10.82","","","10.91","10.92","10.85","","","","10.3","10.63","","","","","","11.16","","","","","","","","","","","",""
"SB18","Baja California Sur","SAN BRUNO","5.52","27.160481","-112.165217","5.15","4.95","","","5.15","5.15","5.24","","","","5.33","5.6","","","","","","5.15","","","","","","","","","","","",""
"SB17","Baja California Sur","SAN BRUNO","5.18","27.162019","-112.167039","5","4.61","","","","4.75","4.88","","","","4.51","4.7","","","","","","4.59","","","","","","","","","","","",""
"SB16","Baja California Sur","SAN BRUNO","13.00","27.165053","-112.171947","8.25","","","","","11.14","","","","","","3.58","","","","","","10.44","","","","","","","","","","","",""
"SB15","Baja California Sur","SAN BRUNO","9.00","27.164378","-112.167806","","","","","4.93","3","4.88","","","","4.87","5.2","","","","","","5.32","","","","","","","","","","","",""
"SB14","Baja California Sur","SAN BRUNO","7.00","27.160619","-112.160861","","","","","3.28","3.3","","","","","3.37","","","","","","","3.5","","","","","","","","","","","",""
"SB13","Baja California Sur","SAN BRUNO","10.85","27.119372","-112.089308","","","","","","","","","","","","","","","","","","10.19","","","","","","","","","","","",""
"SB12","Baja California Sur","SAN BRUNO","9.08","27.128928","-112.103161","","","","","","","","","","","","","","","","","","8.4","","","","","","","","","","","",""
"SB11","Baja California Sur","SAN BRUNO","18.95","27.127833","-112.1083","","","","","","","","","","","","","","","","","","6.54","","","","","","","","","","","",""
"SB10","Baja California Sur","SAN BRUNO","26.00","27.140397","-112.145453","","","","","","","","","","","","","","","","","","17.64","","","","","","","","","","","",""
"SB09","Baja California Sur","SAN BRUNO","9.11","27.153389","-112.143008","8.24","7.11","","","7.67","8.14","8.2","","","","7.67","7.12","","","","","","6.04","","","","","","","","","","","",""
"SB08","Baja California Sur","SAN BRUNO","6.00","27.1579","-112.146847","","4.31","","","5.32","5.35","5.46","","","","","","","","","","","5.4","","","","","","","","","","","",""
"SB06","Baja California Sur","SAN BRUNO","15.49","27.152903","-112.154133","12.64","12.15","","","12.97","13.08","13.11","","","","13.1","12.88","","","","","","10.14","","","","","","","","","","","",""
"SB05","Baja California Sur","SAN BRUNO","5.14","27.159083","-112.15775","4.75","4.13","","","","","","","","","","","","","","","","4.5","","","","","","","","","","","",""
"SB04","Baja California Sur","SAN BRUNO","9.00","27.159536","-112.157281","4.9","","","","3.9","3.95","4.26","","","","3.87","3.62","","","","","","3.73","","","","","","","","","","","",""
"SB03","Baja California Sur","SAN BRUNO","7.83","27.155531","-112.158858","","","","","","","","","","","","","","","","","","7.26","","","","","","","","","","","",""
"SB02","Baja California Sur","SAN BRUNO","8.72","27.155819","-112.161417","","7.32","","","8.27","8.6","","","","","7.95","8.2","","","","","","8.15","","","","","","","","","","","",""
"SB01","Baja California Sur","SAN BRUNO","5.00","27.1674","-112.167953","","","","","","","","","","","","","","","","","","1.6","","","","","","","","","","","",""
"Sapa No.9","Baja California Sur","LA PAZ","64.00","24.063056","-110.310833","","","","","","","","","","","","","","","79.78","","","","80.24","","80.28","","","","","","","","",""
"Sapa No.8","Baja California Sur","LA PAZ","59.00","24.071111","-110.306667","","","","","","","","","","","","","","78.47","78.47","","","78.47","","","","","","","","","","","",""
"Sapa No.7","Baja California Sur","LA PAZ","57.00","24.138611","-110.294444","","","","","","","","","","","","","","","68.6","","","","88.74","","","","","","","","","","",""
"SAPA No.6 R","Baja California Sur","LA PAZ","72.00","23.984722","-110.341389","","","","","","","","","","","","","","","","","","","74.88","","","","","","","","","","",""
"Sapa No.6","Baja California Sur","LA PAZ","37.00","24.133611","-110.307222","","","","","","","","","","","","","","","28.43","","","","","","40.65","","","","","","","","",""
"SAPA No.4 R","Baja California Sur","LA PAZ","76.00","23.994167","-110.332778","","","","","","","","","","","","","","79.46","79.46","","","79.46","109.13","","102.97","","","","","","","","",""
"Sapa No.26","Baja California Sur","LA PAZ","75.00","23.974444","-110.371944","","","","","","","","","","","","","","","","","","","97.34","","95.26","","","","","","","","",""
"Sapa No.25","Baja California Sur","LA PAZ","65.00","23.983333","-110.362222","","","","","","","","","","","","","","","70.55","","","","89.91","","95.7","","","","","","","","",""
"Sapa No.24","Baja California Sur","LA PAZ","63.00","23.992722","-110.351167","","","","","","","","","","","","","","","","","","","84.77","","81.4","","","","","","","","",""
"Sapa No.23  R","Baja California Sur","LA PAZ","62.00","24.002222","-110.34","","","","","","","","","","","","","","67.76","67.76","","","67.76","69.3","","","","","","","","","","",""
"Sapa No.22","Baja California Sur","LA PAZ","72.00","24.011361","-110.329056","","","","","","","","","","","","","","101.74","101.74","","","101.74","107.97","","","","","","","","","","",""
"Sapa No.21","Baja California Sur","LA PAZ","82.00","24.021667","-110.3175","","","","","","","","","","","","","","104.71","104.71","","","104.71","107.92","","112.3","","","","","","","","",""
"Sapa No.2 R","Baja California Sur","LA PAZ","86.00","24.006111","-110.321667","","","","","","","","","","","","","","80.18","80.18","","","80.18","","","106.12","","","","","","","","",""
"Sapa No.2","Baja California Sur","LA PAZ","43.00","24.143056","-110.3025","","","","","","","","","","","","","","","51","","","","","","44.19","","","","","","","","",""
"Sapa No.19  R","Baja California Sur","LA PAZ","102.00","24.015778","-110.309167","","","","","","","","","","","","","","","","","","","117.61","","","","","","","","","","",""
"Sapa No.19","Baja California Sur","LA PAZ","102.00","24.04333","-110.29944","","","","","","","","","","","","","","119.65","119.65","","","119.65","116.11","","","","","","","","","","",""
"Sapa No.18","Baja California Sur","LA PAZ","55.00","24.009167","-110.346667","","","","","","","","","","","","","","","116.75","","","","119","","","","","","","","","","",""
"Sapa No.17 R","Baja California Sur","LA PAZ","62.00","24.03","-110.328333","","","","","","","","","","","","","","","88.04","","","","92.06","","95.6","","","","","","","","",""
"Sapa No.17 BIS","Baja California Sur","LA PAZ","58.00","24.033889","-110.329167","","","","","","","","","","","","","","","","","","","82.56","","97.22","","","","","","","","",""
"Sapa No.16","Baja California Sur","LA PAZ","78.00","24.040833","-110.314444","","","","","","","","","","","","","","90.27","90.27","","","90.27","","","103.5","","","","","","","","",""
"Sapa No.15  BIS","Baja California Sur","LA PAZ","58.00","24.019722","-110.3375","","","","","","","","","","","","","","","63.81","","","","102.8","","63.86","","","","","","","","",""
"Sapa No.15","Baja California Sur","LA PAZ","94.00","24.0525","-110.301389","","","","","","","","","","","","","","102.56","102.56","","","102.56","","","","","","","","","","","",""
"Sapa No.14  R","Baja California Sur","LA PAZ","79.00","24.061667","-110.302222","","","","","","","","","","","","","","","83.92","","","","74.4","","121.62","","","","","","","","",""
"Sapa No.12  R","Baja California Sur","LA PAZ","53.00","24.08","-110.3075","","","","","","","","","","","","","","","69.24","","","","79.72","","70.1","","","","","","","","",""
"Sapa No.11","Baja California Sur","LA PAZ","67.00","24.046389","-110.319722","","","","","","","","","","","","","","75.06","75.06","","","75.06","86.4","","","","","","","","","","",""
"Sapa No.10","Baja California Sur","LA PAZ","68.00","24.055","-110.315278","","","","","","","","","","","","","","","76.84","","","","79.3","","81.41","","","","","","","","",""
"SAPA La Paz (San Pedro)","Baja California Sur","LA PAZ","190.00","23.929722","-110.263889","","","","","","","","","","","","","","34.47","53.75","","","34.47","78.79","","","","","","","","99.34","","",""
"SAPA 2","Baja California Sur","LA PAZ","106.64","23.916011","-110.336061","","","","","","","","","","","","","","","","","","","79.75","","","","","","","","98.45","","",""
"SAPA 1","Baja California Sur","LA PAZ","110.80","23.908291","-110.333516","","","","","","","","","","","","","","","","","","","81.44","","","","","","","","105.01","","",""
"Santiago Olimpico","Baja California Sur","SANTIAGO","98.20","23.527667","-109.7125","","14.39","","","","","","","","","","","","","","","","","","","","","","","","","","","",""
"S/N_4","Baja California Sur","LA PAZ","42.00","24.025833","-110.3825","1","","","","","","","","","46.22","","46.74","47","46.87","","47.17","47.43","46.87","50.24","","48.31","","","","","","57.82","","",""
"S/N_3","Baja California Sur","LA PAZ","51.00","24.024167","-110.389444","1","","","","","","","","","53.51","","43.93","54.56","54.3","54.17","54.58","54.68","54.3","54.74","","","","","","","","","","",""
"S/N_2","Baja California Sur","LA PAZ","38.00","24.028611","-110.373333","","","","","","","","","","41.62","","42.55","42.67","42.02","","42.92","43.45","42.02","43.5","","43.48","","","","","","","","",""
"S/N_1","Baja California Sur","LA PAZ","8.00","24.091944","-110.402222","","","","","7.38","","","7.81","7.4","7.86","7.65","8.39","7.73","7.63","","8.7","8.1","7.63","","","","","","","","","","","",""
"S/N","Baja California Sur","EL CARRIZAL","198.70","23.798056","-110.292222","","","","","","","","","","","","","","","","","","","","","","","","","","","","57.76","",""
"RANCHO LA MISIÓN 3","Baja California Sur","EL CARRIZAL","208.53","23.765488","-110.254202","","","","","","","","","","","","","","","","","","","","","","","","","","","","74.47","",""
"RANCHO LA MISIÓN 2","Baja California Sur","EL CARRIZAL","192.51","23.762737","-110.257801","","","","","","","","","","","","","","","","","","","","","","","","","","","","67.06","",""
"RANCHO LA MISIÓN 1","Baja California Sur","EL CARRIZAL","309.00","23.776111","-110.21","","","","","","","","","","","","","","","","","","","","","","","","","","","","86","",""
"R. Calderón","Baja California Sur","SANTO DOMINGO","28.13","24.827","-111.638","","28.24","","28.73","","28.6","28.68","28.63","29.6","","29.1","29.43","","","","","","","","","","","","","","","","","",""
"Patricio Suarez A.","Baja California Sur","LA PAZ","215.00","23.93494","-110.24303","","","","","","","","","","","","","","17.2","17.26","","","17.2","20.99","","","","","","","","17.2","","",""
"OBS.-VIZ-11","Baja California Sur","VIZCAÍNO","54.62","27.911656","-113.793519","38.8","38.1","38.55","38.53","38.47","38.38","","38.79","39.37","39.55","38.86","39.86","39.89","38.59","","38.52","38.73","","","","","","","","","","","","",""
"OBS-VIZ-56","Baja California Sur","VIZCAÍNO","71.49","27.604167","-113.396917","","","","","","","","","31.86","31.38","32.1","32.1","","","","33.98","","","","","","","","","","","","","",""
"OBS-VIZ-55","Baja California Sur","VIZCAÍNO","76.82","27.646306","-113.423722","","","","","40.43","","","40.72","49.87","40.73","42.36","41","41.1","","41","41","","","","","","","","","","","","","33.89",""
"OBS-VIZ-54","Baja California Sur","VIZCAÍNO","71.70","27.648194","-113.473222","36.15","37.05","38.46","38.84","39.7","38.34","","38.2","37.76","37.9","37.33","37.2","37.02","","","37.25","37.3","","","","","","","","","","","","37.07",""
"OBS-VIZ-53","Baja California Sur","VIZCAÍNO","77.01","27.673","-113.470222","42.13","42.23","42.84","42.63","42.23","42.06","","40.89","","41.23","40.98","40.98","41.6","","41.4","41.2","41.69","","","","","","","","","","","","42.65",""
"OBS-VIZ-51","Baja California Sur","VIZCAÍNO","74.69","27.470306","-113.298167","40.95","","42.25","42.37","43.46","","","43.38","43.34","","42.99","42.65","43.27","","44.86","44.8","44.51","","","","","","","","","","","","46.76",""
"OBS-VIZ-50","Baja California Sur","VIZCAÍNO","75.71","27.512889","-113.323056","","43.9","44.9","45.25","44.46","43.93","","44.54","44.12","44.73","44.32","46.02","45.16","","","44.76","44.88","","","","","","","","","","","","",""
"OBS-VIZ-49","Baja California Sur","VIZCAÍNO","62.57","27.541056","-113.377861","31.12","31.63","31.92","32.03","34.85","31.26","","31.08","31.25","32.29","32.1","31.91","31.86","","32.28","32.16","31.93","","","","","","","","","","","","32.7",""
"OBS-VIZ-48","Baja California Sur","VIZCAÍNO","58.05","27.530067","-113.393139","27.83","28.2","28.08","29.3","28.11","27.85","","27.86","27.95","29.45","27.48","28.76","27.73","27.51","27.49","27.55","27.49","","","","","","","","","","","","",""
"OBS-VIZ-47","Baja California Sur","VIZCAÍNO","115.62","27.798608","-113.3729","49.22","48.79","49.6","49.75","49.83","49.37","","40.11","49.87","49.65","50.2","68.46","52.62","","51.96","52.5","52.88","","","","","","","","","","","","",""
"OBS-VIZ-46","Baja California Sur","VIZCAÍNO","117.53","27.785667","-113.36075","","","","44.73","","","","45","40.21","40.66","45","45.1","45","45.51","","45","44.87","","","","","","","","","","","","",""
"OBS-VIZ-45","Baja California Sur","VIZCAÍNO","117.98","27.779247","-113.328153","38.4","38.67","39.27","39.37","39.17","39.54","","40.43","44.63","44.83","41","43.73","40.81","42.7","41.3","40.96","40.64","","","","","","","","","","","","41.15",""
"OBS-VIZ-43","Baja California Sur","VIZCAÍNO","146.67","27.831994","-113.266525","36.89","37.18","37.53","37.31","38.27","37.4","","37.42","37.25","38.92","37.46","37.12","37.6","","37.98","37.88","38.02","","","","","","","","","","","","36.92",""
"OBS-VIZ-37","Baja California Sur","VIZCAÍNO","44.01","27.879925","-113.802867","","","","32.43","","","","","","","32.82","31.19","31.6","","29.35","30.98","31.84","","","","","","","","","","","","",""
"OBS-VIZ-36","Baja California Sur","VIZCAÍNO","51.00","27.822375","-113.701111","","","","","","","","","39.1","39.87","39.87","42.23","37.7","","37.22","","","","","","","","","","","","","","34.82",""
"OBS-VIZ-35","Baja California Sur","VIZCAÍNO","68.64","27.599947","-113.384239","","","","","","","","","","","","31.59","28.34","","","32.67","28.62","","","","","","","","","","","","35.12",""
"OBS-VIZ-34","Baja California Sur","VIZCAÍNO","52.99","27.572375","-113.534375","","21.28","22.75","23.12","22.25","21.88","","20.72","25.04","24.69","21.52","21.52","22.78","22.32","","21.75","22.11","","","","","","","","","","","","18.93",""
"OBS-VIZ-31","Baja California Sur","VIZCAÍNO","31.98","27.615636","-113.6673","","","","10.4","","","","","","","","13.2","12.86","","9.74","","13.83","","","","","","","","","","","","17",""
"OBS-VIZ-30","Baja California Sur","VIZCAÍNO","145.68","27.840139","-113.299111","","","","39.37","41.44","39.33","","39.34","39.37","39.43","39.3","","39.36","","39.7","39.5","40.12","","","","","","","","","","","","38.94",""
"OBS-VIZ-28","Baja California Sur","VIZCAÍNO","79.16","27.667597","-113.468389","","","","42.9","42.37","42.03","","42.22","41.54","","","","41.23","","","41.91","42.01","","","","","","","","","","","","41.43",""
"OBS-VIZ-27","Baja California Sur","VIZCAÍNO","77.25","27.531556","-113.326278","","45.55","45.84","46.7","54.11","55.18","","","44.92","45.44","44.9","45.49","45.7","50.43","","45.19","45.27","","","","","","","","","","","","",""
"OBS-VIZ-26","Baja California Sur","VIZCAÍNO","76.16","27.471083","-113.28975","","","","43.62","42.2","42.9","","43.09","43.15","","43.27","43.84","43.49","42.53","43.56","43.81","44.13","","","","","","","","","","","","44.72",""
"OBS-VIZ-25","Baja California Sur","VIZCAÍNO","63.15","27.510778","-113.382389","27.47","29.4","30","30.3","30.57","30.06","","30.51","29.9","30.72","30.3","29.84","","","29.09","29.28","29.08","","","","","","","","","","","","29.72",""
"OBS-VIZ-24","Baja California Sur","VIZCAÍNO","62.48","27.535861","-113.382639","30.34","31.69","31.98","31.15","30.67","29.89","","29.75","29.36","30.97","31.12","33.26","30.93","44.4","32.26","31.22","31.09","","","","","","","","","","","","",""
"OBS-VIZ-23","Baja California Sur","VIZCAÍNO","58.67","27.530194","-113.374694","33.84","34.57","34.06","34.28","","33.95","","34.25","33.52","33.21","33.11","32.62","33.86","32.65","32.33","32.61","32.33","","","","","","","","","","","","",""
"OBS-VIZ-22","Baja California Sur","VIZCAÍNO","58.26","27.527611","-113.394111","28.23","28.17","28.28","28.33","28.9","27.81","","27.73","27.88","28.43","28.04","23.27","","","28.27","28.4","28.62","","","","","","","","","","","","29.54",""
"OBS-VIZ-21","Baja California Sur","VIZCAÍNO","17.93","27.619825","-113.757294","","","","6.84","","","","6.99","7.1","6.59","6.9","6.9","6.83","7.08","","6.9","6.8","","","","","","","","","","","","",""
"OBS-VIZ-20","Baja California Sur","VIZCAÍNO","59.32","27.595425","-113.490639","","","","","","","","","","","","","","26.28","","","","","","","","","","","","","","","",""
"OBS-VIZ-18","Baja California Sur","VIZCAÍNO","88.16","27.950833","-113.742928","","","","","","","","","","","","","","79.48","","33.13","35.5","","","","","","","","","","","","",""
"OBS-VIZ-17","Baja California Sur","VIZCAÍNO","71.25","27.627611","-113.421664","","","","","","","","","","","","","","37.6","","","","","","","","","","","","","","","38.54",""
"OBS-VIZ-16B","Baja California Sur","VIZCAÍNO","46.00","27.886117","-113.798961","31.85","31.12","31.81","32.32","32.32","31.86","","32.45","32.34","32.04","34.7","27.37","32.2","27.53","","32.33","32.75","","","","","","","","","","","","32.05",""
"OBS-VIZ-16","Baja California Sur","VIZCAÍNO","44.53","27.5445","-113.743761","13.22","13.16","13.16","","13.6","13.94","","13.94","13.98","13.86","14.27","","14.28","","","14.02","","","","","","","","","","","","","",""
"OBS-VIZ-15","Baja California Sur","VIZCAÍNO","80.59","27.668944","-113.436083","","43.57","44.18","","","44.56","","44.63","44.4","","","","44.37","44.34","","","","","","","","","","","","","","","",""
"OBS-VIZ-14","Baja California Sur","VIZCAÍNO","84.27","27.753542","-113.476833","","","","","","43.8","","44.87","44.68","","","","43.97","","","","44.1","","","","","","","","","","","","44.11",""
"OBS-VIZ-13","Baja California Sur","VIZCAÍNO","75.63","27.760631","-113.531753","31.1","35.61","35.88","35.79","","","","36.53","","","","","35.8","35.49","","35.92","35.86","","","","","","","","","","","","",""
"OBS-VIZ-12","Baja California Sur","VIZCAÍNO","29.06","27.889856","-113.856036","","","","23.17","","","","","22.68","22.04","18.09","26.7","23.7","","","21.76","21.87","","","","","","","","","","","","",""
"OBS-VIZ-10","Baja California Sur","VIZCAÍNO","57.43","27.926275","-113.805153","","41.43","41.87","41.68","42.74","41.23","","","42.27","41.43","41.73","","41.15","","","41.87","41.37","","","","","","","","","","","","41.54",""
"OBS-VIZ-09","Baja California Sur","VIZCAÍNO","71.77","27.896689","-113.7322","","46.2","46.51","46.75","46.6","46.61","","","46.56","46.44","46.5","46.8","46.59","46.38","","46.6","46.77","","","","","","","","","","","","46.96",""
"OBS-VIZ-08","Baja California Sur","VIZCAÍNO","8.02","27.68775","-113.830917","","","","","","","","","","","","","4.42","5.71","","","","","","","","","","","","","","","",""
"OBS-VIZ-07","Baja California Sur","VIZCAÍNO","11.25","27.689611","-113.811444","","","","","","","","","","","","","5.62","4.49","","","","","","","","","","","","","","","",""
"OBS-VIZ-06","Baja California Sur","VIZCAÍNO","19.53","27.825667","-113.830583","","","","","","","","","","","","","13.52","7.11","","","","","","","","","","","","","","","12.66",""
"OBS-VIZ-05","Baja California Sur","VIZCAÍNO","11.09","27.811028","-113.854194","","","","","","","","","","","","","6.97","13.61","","","","","","","","","","","","","","","",""
"OBS-VIZ-04","Baja California Sur","VIZCAÍNO","42.00","27.653244","-113.600422","","","","","","","","","","","","","","16","","","","","","","","","","","","","","","",""
"OBS-VIZ-03","Baja California Sur","VIZCAÍNO","38.08","27.535294","-113.588239","","","","","","","","","","","","","11.85","11.77","","","","","","","","","","","","","","","",""
"OBS-VIZ-02","Baja California Sur","VIZCAÍNO","45.46","27.561136","-113.576836","","","","","36.89","16.98","","","15.76","","","","","15","","","15.39","","","","","","","","","","","","",""
"OBS-VIZ-01","Baja California Sur","VIZCAÍNO","53.87","27.571431","-113.522964","20.6","20.53","20.67","20.95","26.15","22.21","","22.6","23.61","22.14","21.82","22.53","21.86","24.35","21.67","23.24","21.73","","","","","","","","","","","","24",""
"MANUEL VELÁZQUEZ","Baja California Sur","SAN BRUNO","11.25","27.152","-112.163","10.74","9.83","","","10.67","10.77","10.6","","","","10.16","","","","","","","10.5","","","","","","","","","","","",""
"M57","Baja California Sur","MULEGÉ","23.00","26.8893","-112.051358","","","","","","","","","","","","","","","","","","16.64","","","","","","","","","","","",""
"M56","Baja California Sur","MULEGÉ","22.59","26.870692","-112.042153","","","","","","","","","","","","","","","","","","17.67","","","","","","","","","","","",""
"M55","Baja California Sur","MULEGÉ","16.00","26.872578","-112.006967","","","","","","","","","","","","","","","","","","8.09","","","","","","","","","","","",""
"M53","Baja California Sur","MULEGÉ","11.73","26.872842","-112.004714","7.82","","","9.11","6.86","8.1","9.18","6.64","","9.46","","9.59","","","","9.5","8.85","5.79","","","4.75","","","","","","","","",""
"M52","Baja California Sur","MULEGÉ","14.00","26.875869","-112.000789","","","","","","","","","","","","","","","","","","7.09","","","","","","","","","","","",""
"M51","Baja California Sur","MULEGÉ","17.00","26.884342","-111.991728","","","","","","","","","","","","","","","","","","3.43","","","","","","","","","","","",""
"M50","Baja California Sur","MULEGÉ","24.00","26.889531","-112.049675","","","","","","","","","","","","","","","","","","17.19","","","","","","","","","","","",""
"M5-M35","Baja California Sur","MULEGÉ","16.34","26.880128","-112.027167","12.48","","","12.7","12.79","13.02","13.16","13.41","13.19","13.09","12.57","12.81","","","","","12.43","12.09","","","10.62","","","","","","","","",""
"M49","Baja California Sur","MULEGÉ","24.00","26.888367","-112.060894","","","","","","","","","","","","","","","","","","19.1","","","","","","","","","","","",""
"M46","Baja California Sur","MULEGÉ","31.86","26.852908","-112.076817","","","","","","","","","","","","","","","","","","29.08","","","","","","","","","","","",""
"M42","Baja California Sur","MULEGÉ","40.00","26.846097","-112.046803","33.9","","","34.01","34.09","34.17","34.38","","","34.42","","35.52","","","","","34.62","34.1","","","31.81","","","","","","","","",""
"M41","Baja California Sur","MULEGÉ","10.20","26.884011","-112.004681","6.23","6","","6.64","6.6","6.75","7","7.11","7.05","7.81","6.55","6.79","","","","6.38","6.72","6.78","","","5.63","","","","","","","","",""
"M40","Baja California Sur","MULEGÉ","10.20","26.881111","-112.000772","6.46","6.57","","6.7","6.71","7.25","7.33","6.97","7.12","7.1","6.51","6.94","","","","7.02","6.93","6.66","","","6.46","","","","","","","","",""
"M38","Baja California Sur","MULEGÉ","9.43","26.880972","-111.997544","5.69","5.7","","6.02","6.09","6.48","6.69","6.48","6.32","6.4","4.96","6.39","","","","6.32","6.52","6.41","","","5.69","","","","","","","","",""
"M36","Baja California Sur","MULEGÉ","8.15","26.883069","-111.996125","4.47","4.5","","4.6","4.33","4.7","5.31","5.73","5.14","5.26","4.56","4.99","","","","5.26","5.26","5.21","","","4.78","","","","","","","","",""
"M34","Baja California Sur","MULEGÉ","14.34","26.882506","-112.019342","10.37","9.63","","10.74","10.55","10.83","11.05","11.2","11.52","13.13","10.27","10.56","","","","10.38","10.28","10.05","","","8.58","","","","","","","","",""
"M33","Baja California Sur","MULEGÉ","13.57","26.882172","-112.018047","","8.9","","9.71","9.73","10","10.23","10.15","10.16","10.29","9.85","10.3","","","","9.4","9.5","9.32","","","7.83","","","","","","","","",""
"M30","Baja California Sur","MULEGÉ","13.32","26.884861","-112.017889","9.52","8.58","","9.76","9.6","9.87","10.24","10.14","9.85","10","9.38","9.92","","","","10.17","9.37","9.01","","","7.56","","","","","","","","",""
"M29","Baja California Sur","MULEGÉ","11.19","26.882417","-112.011717","7.31","6.54","","7.42","7.52","7.79","7.82","7.86","7.8","7.82","7.35","7.46","","","","7.46","6.38","7.11","","","5.95","","","","","","","","",""
"M28","Baja California Sur","MULEGÉ","11.05","26.885711","-112.011081","7.56","6.31","","7.5","7.53","7.85","7.88","7.87","7.91","7.97","6.82","7.86","","","","10.98","7.38","7.2","","","5.79","","","","","","","","",""
"M27","Baja California Sur","MULEGÉ","9.05","26.886822","-112.001519","","","","","","","","","","","","","","","","","7.1","7.29","","","6.47","","","","","","","","",""
"M25","Baja California Sur","MULEGÉ","7.93","26.887783","-111.999022","","","","","","5.07","5.19","4.89","4.97","5.1","4.4","4.8","","","","4.7","4.77","4.79","","","4.29","","","","","","","","",""
"M24","Baja California Sur","MULEGÉ","9.00","26.895656","-111.959972","","","","","","","","","","","","","","","","","","2.54","","","","","","","","","","","",""
"M23","Baja California Sur","MULEGÉ","2.90","26.895856","-111.960006","","","","","","3.94","","2.95","2.75","2.9","","2.75","","","","2.67","2.9","2.95","","","3.15","","","","","","","","",""
"M22","Baja California Sur","MULEGÉ","11.55","26.880192","-112.003406","7.82","7.71","","7.86","7.86","8.39","8.36","8.24","8.57","8.47","7.62","8.21","","","","7.91","","7.87","","","6.91","","","","","","","","",""
"M21","Baja California Sur","MULEGÉ","10.98","26.878983","-112.003181","7.05","","","7.47","7.53","7.84","7.94","7.77","8.02","7.81","7","9.63","","","","7.49","8.51","7.4","","","6.52","","","","","","","","",""
"M20","Baja California Sur","MULEGÉ","12.09","26.877489","-112.005908","","","","","","","","","","","","","","","","","","8.1","","","","","","","","","","","",""
"M19","Baja California Sur","MULEGÉ","12.33","26.877719","-112.008428","8.55","11.63","","8.67","10","9.17","9.36","9.18","9.15","8.02","8.49","8.96","","","","8.74","","6.04","","","7.14","","","","","","","","",""
"M18","Baja California Sur","MULEGÉ","13.38","26.878094","-112.014014","9.88","9.65","","10.4","10.52","10.46","10.46","10.63","9.88","10.23","10.22","9.79","","","","9.59","9.95","9.86","","","12.2","","","","","","","","",""
"M17","Baja California Sur","MULEGÉ","12.10","26.874858","-112.010222","8.37","","","8.79","","9.33","9.14","9.14","8.93","9.01","8.35","8.59","","","","8.55","8.45","8.3","","","7.5","","","","","","","","",""
"M16","Baja California Sur","MULEGÉ","14.77","26.8752","-112.020078","16.62","10.47","","10.35","11.23","11.3","11.4","11.33","11.18","11.39","10.87","11.1","","","","11.67","10.81","10.28","","","8.72","","","","","","","","",""
"M15","Baja California Sur","MULEGÉ","14.27","26.869947","-112.017556","10.11","","","10.5","10.95","11","10.89","11.05","10.9","10.94","11.05","10.63","","","","12.05","10.33","10.43","","","8.73","","","","","","","","",""
"M14","Baja California Sur","MULEGÉ","14.48","26.871014","-112.018847","10.44","","","11","12.07","11.18","11.22","11.32","11.07","10.25","10.69","11","","","","","10.77","10.11","","","8.83","","","","","","","","",""
"M13","Baja California Sur","MULEGÉ","16.24","26.869197","-112.024425","12.06","","","12.35","12.64","12.77","12.75","12.89","12.82","12.91","12.52","12.83","","","","","12.06","11.93","","","10.11","","","","","","","","",""
"M12","Baja California Sur","MULEGÉ","17.77","26.870861","-112.029922","18.54","","","14.14","14.21","14.39","14.48","14.89","14.3","14.35","14.22","14.31","","","","13.64","13.62","13.75","","","11.56","","","","","","","","",""
"M11","Baja California Sur","MULEGÉ","20.69","26.867908","-112.035803","16.24","","","16.65","16.94","17.01","17.12","17.06","17.37","17","17.45","17.1","","","","16.11","16.22","15.84","","","14.11","","","","","","","","",""
"M10","Baja California Sur","MULEGÉ","19.59","26.862883","-112.032206","15.32","14.9","","15.92","16.2","16.2","16.29","17.53","17.2","","15.86","15.71","","","","","","14.94","","","12.93","","","","","","","","",""
"M09","Baja California Sur","MULEGÉ","23.25","26.862294","-112.040097","18.72","18.26","","19.4","19.51","19.45","19.63","19.8","19.41","19.51","19.57","19.37","","","","18.75","18.67","18.32","","","16.2","","","","","","","","",""
"M08","Baja California Sur","MULEGÉ","34.00","26.856583","-112.05325","","","","","","27.59","","","","","","27.54","","","","","26.46","26.02","","","23.95","","","","","","","","",""
"M02","Baja California Sur","MULEGÉ","25.00","26.906167","-112.054428","","","","","","","","","","","","","","","","","","20","","","","","","","","","","","",""
"M01","Baja California Sur","MULEGÉ","22.98","26.902014","-112.047656","","","","13.24","12.61","11.43","12.32","20.02","19.2","19.32","19.08","19.1","","","","18.31","18.5","18.3","","","16.4","","","","","","","","",""
"LOTE EMPALME 13","Baja California Sur","LA PAZ","58.00","24.072056","-110.312306","","","","","","","","","","","","59.16","","","62.44","63.68","","","","","","","","","","","","","",""
"Las Isabeles","Baja California Sur","SANTO DOMINGO","25.17","24.8855","-111.700833","","25.59","","","","26.93","26.74","26.81","27.17","","","27.32","","25.94","","","","","","","","","","","","","","","",""
"Las Cañadas","Baja California Sur","SANTIAGO","93.50","23.513833","-109.674667","","36.75","","","","","","","","","","","","25.34","","","","","","","6.92","","","","","","","","",""
"LA PAZ","Baja California Sur","LA PAZ","18.00","24.15236","-110.31827","","","","","","","","","","","","","","","13.87","","","","","","","","","","","","","","",""
"LA PAZ","Baja California Sur","LA PAZ","18.00","24.15424","-110.31734","","","","","","","","","","","","","","","14.44","","","","","","","","","","","","","","",""
"La Lagunilla","Baja California Sur","LA PAZ","38.25","24.02117","-110.355333","","45.02","","","","","","","","","","","","","","","","","","","","","","","","","","","",""
"La Laguna 1","Baja California Sur","SANTIAGO","114.60","23.4755","-109.714167","","7.03","","","4.89","","3.23","","2.6","","2.6","2.3","","3.38","4.31","","7.91","4.89","","","4.6","","","","","","","","",""
"La Cruz","Baja California Sur","SANTO DOMINGO","9.59","24.7505","-111.687","","16.3","","16.95","","16.81","17.14","16.83","18.7","","16.7","16.82","17","29.63","","","","","","","","","","","","","","","",""
"La Cienega","Baja California Sur","SANTIAGO","77.74","23.536833","-109.679167","","9.88","","","6.48","","","","","","","","6.91","","8.3","","14.2","6.48","","","8.33","","","","","","","","",""
"JOSE LUIS RODRIGUEZ MUÑIZ","Baja California Sur","EL CARRIZAL","216.80","23.764722","-110.273888","","","","","","","","","","","","","","","","","","","","","","","","","","","","77.2","",""
"JORGE COTA CAMACHO","Baja California Sur","EL CARRIZAL","180.47","23.798156","-110.308692","","","","","","","","","","","","","","","","","","","","","","","","","","","","55.83","",""
"JESUS INES GASTELUM ROCHA","Baja California Sur","EL CARRIZAL","183.30","23.800274","-110.304304","","","","","","","","","","","","","","","","","","","","","","","","","","","","55.7","",""
"JELMUT VIRGEN VELAZQUEZ","Baja California Sur","EL CARRIZAL","180.40","23.804487","-110.30033","","","","","","","","","","","","","","","","","","","","","","","","","","","","54","",""
"GRANJA SAN MIGUEL","Baja California Sur","LA PAZ","8.00","24.091944","-110.402222","","","","","","","","","","","","","","","8.55","","","","7.95","","","","","","","","","","",""
"Gilberto Chávez A.","Baja California Sur","LA PAZ","194.00","23.934222","-110.261194","","","","","","","","","","","","","","18.5","21.26","","","18.5","24.8","","21.93","","","","","","25.72","","",""
"GILBERTO CHAVEZ ARREDONDO","Baja California Sur","EL CARRIZAL","283.10","23.772828","-110.228727","","","","","","","","","","","","","","","","","","","","","","","","","","","","55.3","",""
"F_7","Baja California Sur","SANTO DOMINGO","28.54","25.26","-111.8475","","42.77","43.19","42.9","43.32","46.79","44.1","44.16","","","43.65","","","","","","","","","","","","","","","","","","",""
"F_6","Baja California Sur","SANTO DOMINGO","28.95","25.253833","-111.925","","25.67","","25.35","25.78","25.61","25.96","25.7","","","","26.26","","25.69","25","24.3","24.9","25","","24.5","","","","","","","","","",""
"F_2","Baja California Sur","SANTO DOMINGO","19.15","25.377833","-111.906333","","21.13","20.35","20.3","20.43","20.96","20.97","22.45","21.22","","21.28","21.98","","","","","","","","","","","","","","","","","",""
"EUFRACIO AVILES MEZA","Baja California Sur","EL CARRIZAL","138.49","23.756657","-110.314217","","","","","","","","","","","","","","","","","","","","","","","","","","","","5.66","",""
"Espridion Navarro Z.","Baja California Sur","LA PAZ","82.00","24.109444","-110.273611","","","","","","","","","","","","","","","57.45","","","","","","","","","","","","57.99","","",""
"ELEAZAR DE ANDA","Baja California Sur","EL CARRIZAL","200.50","23.801389","-110.285555","","","","","","","","","","","","","","","","","","","","","","","","","","","","61.04","",""
"EL PALMAR","Baja California Sur","LA PAZ","194.00","23.932528","-110.259556","1","","","","","","","","","25.9","","","22.1","20.9","22.51","23.67","24.57","20.9","","","23.22","","","","","","26.33","","",""
"El Mauto","Baja California Sur","LA PAZ","104.00","23.923866","-110.339998","","","","","","","","","","","","","","","","","","","78.45","","83.98","","","","","","53.05","","",""
"El Cantil","Baja California Sur","SANTIAGO","95.30","23.4975","-109.706833","","10.79","","","19.1","3.65","5.8","","4.9","","3.86","3.26","5.1","5.34","6.47","9.5","10.86","19.1","","","7.52","","","","","","","","",""
"EJIDO LA TRINIDAD","Baja California Sur","EL CARRIZAL","180.58","23.796858","-110.305825","","","","","","","","","","","","","","","","","","","","","","","","","","","","56.72","",""
"EJIDO EL CARRIZAL 8","Baja California Sur","EL CARRIZAL","186.70","23.789444","-110.301944","","","","","","","","","","","","","","","","","","","","","","","","","","","","47.3","",""
"EJIDO EL CARRIZAL 7","Baja California Sur","EL CARRIZAL","194.50","23.772778","-110.291666","","","","","","","","","","","","","","","","","","","","","","","","","","","","67","",""
"EJIDO EL CARRIZAL 6","Baja California Sur","EL CARRIZAL","189.70","23.772778","-110.297777","","","","","","","","","","","","","","","","","","","","","","","","","","","","49.84","",""
"EJIDO EL CARRIZAL 5","Baja California Sur","EL CARRIZAL","200.70","23.778056","-110.2875","","","","","","","","","","","","","","","","","","","","","","","","","","","","62.5","",""
"EJIDO EL CARRIZAL 4","Baja California Sur","EL CARRIZAL","199.50","23.765556","-110.284722","","","","","","","","","","","","","","","","","","","","","","","","","","","","68.1","",""
"EJIDO EL CARRIZAL 3","Baja California Sur","EL CARRIZAL","199.80","23.787222","-110.2875","","","","","","","","","","","","","","","","","","","","","","","","","","","","61.94","",""
"EJIDO EL CARRIZAL 2","Baja California Sur","EL CARRIZAL","192.50","23.7875","-110.294166","","","","","","","","","","","","","","","","","","","","","","","","","","","","56.17","",""
"EJIDO EL CARRIZAL 2","Baja California Sur","EL CARRIZAL","141.25","23.7825","-110.303888","","","","","","","","","","","","","","","","","","","","","","","","","","","","55.75","",""
"EJIDO EL CARRIZAL 1","Baja California Sur","EL CARRIZAL","190.60","23.781111","-110.295833","","","","","","","","","","","","","","","","","","","","","","","","","","","","54.24","",""
"EJIDO EL CARRIZAL 1","Baja California Sur","EL CARRIZAL","162.20","23.79067","-110.310155","","","","","","","","","","","","","","","","","","","","","","","","","","","","51.6","",""
"EJIDO EL CARRIZAL","Baja California Sur","EL CARRIZAL","216.00","23.761711","-110.270096","","","","","","","","","","","","","","","","","","","","","","","","","","","","59.5","",""
"E_13","Baja California Sur","SAN JOSÉ DEL CABO","4.95","23.058833","-109.6825","","2.85","","","","","","","","","","","","","","","","","","","","","","","","","","","",""
"CNA_SI_29","Baja California Sur","SAN IGNACIO","18.26","27.240981","-113.318625","","","","","","","","","","","","","","6.7","","","","","","","","","","","","","","","",""
"CNA_SI_28","Baja California Sur","SAN IGNACIO","14.81","27.231333","-113.283672","","","","","","","","","","","","","","5.3","","","","","","","","","","","","","","","",""
"CNA_SI_27","Baja California Sur","SAN IGNACIO","46.98","27.339114","-113.323797","25.07","24.7","","","21.59","","","","","23.62","","","","","","","","","","","","","","","","","","","",""
"CNA_SI_26","Baja California Sur","SAN IGNACIO","39.93","27.313489","-113.338842","","","","","16.28","17.82","","","17.32","17.13","17.07","16.17","","17.26","","17.36","","","","","","","","","","","","","",""
"CNA_SI_25","Baja California Sur","SAN IGNACIO","41.18","27.325","-113.341833","","","","","","","","","","","","","","25.91","","","","","","","","","","","","","","","",""
"CNA_SI_24","Baja California Sur","SAN IGNACIO","43.42","27.331067","-113.334714","","","","","19.9","19.75","","","22.72","20.87","21.4","21.37","","","","27.5","","","","","","","","","","","","","",""
"CNA_SI_23","Baja California Sur","SAN IGNACIO","73.84","27.349197","-113.218147","","","","","","","","","","","","","","46.28","","","","","","","","","","","","","","","",""
"CNA_SI_22","Baja California Sur","SAN IGNACIO","72.60","27.356592","-113.228275","","","","","39.31","39.28","","","37.59","41.32","38.16","38.4","","37.67","","39.5","","","","","","","","","","","","","",""
"CNA_SI_19","Baja California Sur","SAN IGNACIO","80.85","27.384167","-113.220833","","","","","52.35","","","","","54.09","52.52","52.56","","","","","","","","","","","","","","","","","",""
"CNA_SI_18","Baja California Sur","SAN IGNACIO","125.84","27.295467","-112.879439","","","","","","","","","","","","","","4.23","","","","","","","","","","","","","","","",""
"CNA_SI_17","Baja California Sur","SAN IGNACIO","140.58","27.283072","-112.860933","","","","","","","","","","","","","","17.5","","","","","","","","","","","","","","","",""
"CNA_SI_16","Baja California Sur","SAN IGNACIO","100.37","27.138161","-112.904758","","","","","","","","","","","","","","3.7","","","","","","","","","","","","","","","",""
"CNA_SI_15","Baja California Sur","SAN IGNACIO","155.38","27.180833","-112.861736","","","","","","","","","","","","","","3.01","","","","","","","","","","","","","","","",""
"CNA_SI_14","Baja California Sur","SAN IGNACIO","120.40","27.282964","-112.894144","","","","","","","","","","","","","","6.93","","","","","","","","","","","","","","","",""
"CNA_SI_13","Baja California Sur","SAN IGNACIO","123.46","27.281731","-112.895328","","","","","","","","","","","","","","8.3","","","","","","","","","","","","","","","",""
"CNA_SI_12","Baja California Sur","SAN IGNACIO","116.41","27.294214","-112.909675","","","","","","","","","","","","","","8.38","","","","","","","","","","","","","","","",""
"CNA_SI_10","Baja California Sur","SAN IGNACIO","126.15","27.301278","-112.886069","","","","","","","","","","","","","3.88","3.88","","","","","","","","","","","","","","","",""
"CNA_SI_09","Baja California Sur","SAN IGNACIO","179.87","27.326297","-112.762769","","","","","48.7","","","","48.78","49.24","49.06","49.3","","49.7","","48.88","","","","","","","","","","","","","",""
"CNA_SI_08","Baja California Sur","SAN IGNACIO","169.33","27.30795","-112.771106","","","","","","","","","","","","","","42.73","","","","","","","","","","","","","","","",""
"CNA_SI_07","Baja California Sur","SAN IGNACIO","194.27","27.357575","-112.768544","63.48","","","","61.73","61.73","","64.28","64.28","","","64.4","","","","50.44","","","","","","","","","","","","","",""
"CNA_SI_06","Baja California Sur","SAN IGNACIO","198.88","27.354031","-112.763031","63.95","64.56","","","64.75","62.22","","","64.46","64.86","64.6","64.8","","67","","64.67","","","","","","","","","","","","","",""
"CNA_SI_05","Baja California Sur","SAN IGNACIO","178.35","27.346264","-112.768661","","58.97","","","59.35","57.16","","","49.46","59.85","59.49","59.49","","","","53.12","","","","","","","","","","","","","",""
"CNA_SI_04","Baja California Sur","SAN IGNACIO","178.91","27.331878","-112.772847","49.56","","","","50.08","48","","","50.08","50.38","46.94","51.06","","52.17","","","","","","","","","","","","","","","",""
"CNA_SI_03","Baja California Sur","SAN IGNACIO","184.24","27.33595","-112.762753","52.45","51.58","","","","","","","39.89","","","","53.97","","","","","","","","","","","","","","","","",""
"CNA_SI_02","Baja California Sur","SAN IGNACIO","286.44","27.319406","-112.653197","","","","","","","","","","","","","","66.89","","","","","","","","","","","","","","","",""
"CNA_SI_01","Baja California Sur","SAN IGNACIO","397.66","27.404522","-112.595408","","","","","","","","","","","","","","98.64","","","","","","","","","","","","","","","",""
"CNA_0337-08","Baja California Sur","SANTA ROSALÍA","5.17","27.321278","-112.247528","","","","","","","","","","","","","","","5.2","","","5","","","","","","","","","","","",""
"CNA_0337-02","Baja California Sur","SANTA ROSALÍA","2.62","27.372864","-112.294","","","","","","","","","","","","","","","3.35","","","2.7","","","","","","","","","","","",""
"CNA_0337-01","Baja California Sur","SANTA ROSALÍA","41.97","27.330144","-112.280556","","","","","","","","","","","","","","","30","","","32.08","","","","","","","","","","","",""
"CNA_0336_06","Baja California Sur","SANTA ÁGUEDA","151.11","27.259564","-112.353","","","","","","","","","","","","","","","9.4","","","9.32","","","","","","","","","","","",""
"CNA_0336_03","Baja California Sur","SANTA ÁGUEDA","117.88","27.259314","-112.332889","","","","","","","","","","","","","","","4.22","","","4.08","","","","","","","","","","","",""
"CNA_0336-13","Baja California Sur","SANTA ÁGUEDA","5.33","27.31545","-112.2435","","","","","","","","","","","","","","","5.8","","","6.07","","","","","","","","","","","",""
"CNA_0336-11","Baja California Sur","SANTA ÁGUEDA","55.34","27.29145","-112.259472","","","","","","","","","","","","","","","45","","","43.94","","","","","","","","","","","",""
"CNA_0336-09","Baja California Sur","SANTA ÁGUEDA","342.77","27.1599","-112.474361","","","","","","","","","","","","","","","4.86","","","6.39","","","","","","","","","","","",""
"CNA_0336-08","Baja California Sur","SANTA ÁGUEDA","282.63","27.197758","-112.440667","","","","","","","","","","","","","","","2.83","","","1.65","","","","","","","","","","","",""
"CNA_0318_19","Baja California Sur","CABO PULMO","397.64","23.318797","-109.544833","","","","","","","","","","","","","","","8.65","","","","","","","","","","","","","","",""
"CNA_0318_17","Baja California Sur","CABO PULMO","5.24","23.101047","-109.558056","","","","","","","","","","","","","","","3.1","","","","","","","","","","","","","","",""
"CNA_0318_16","Baja California Sur","CABO PULMO","75.94","23.129236","-109.630778","","","","","","","","","","","","","","","4.1","","","","","","","","","","","","","","",""
"CNA_0318_13","Baja California Sur","CABO PULMO","203.82","23.226606","-109.513361","","","","","","","","","","","","","","","7.75","","","","","","","","","","","","","","",""
"CNA_0318_12","Baja California Sur","CABO PULMO","3.64","23.220978","-109.451439","","","","","","","","","","","","","","","3.8","","","","","","","","","","","","","","",""
"CNA_0318_11","Baja California Sur","CABO PULMO","173.23","23.420411","-109.475722","","","","","","","","","","","","","","","19.47","","","","","","","","","","","","","","",""
"CNA_0318_10","Baja California Sur","CABO PULMO","264.43","23.3624","-109.489333","","","","","","","","","","","","","","","3.8","","","","","","","","","","","","","","",""
"CNA_0318_08","Baja California Sur","CABO PULMO","9.31","23.289972","-109.436278","","","","","","","","","","","","","","","8.81","","","","","","","","","","","","","","",""
"CNA_0318_07","Baja California Sur","CABO PULMO","9.12","23.503031","-109.471028","","","","","","","","","","","","","","","9.3","","","","","","","","","","","","","","",""
"CNA_0318_06","Baja California Sur","CABO PULMO","5.85","23.379989","-109.431306","","","","","","","","","","","","","","","5.94","","","","","","","","","","","","","","",""
"CNA_0317_28","Baja California Sur","CABO SAN LUCAS","14.51","22.961869","-109.80375","","","","","","","","","","","","","","10.91","9.2","","","","","","","","","","","","","","",""
"CNA_0317_27","Baja California Sur","CABO SAN LUCAS","74.32","22.976164","-109.852156","","","","","","","","","","","","0.59","","0.71","0.6","","","","","","","","","","","","","","",""
"CNA_0317_24","Baja California Sur","CABO SAN LUCAS","38.15","22.905339","-109.892917","","","","","","","","","","","17.62","8.31","","17.71","18.4","","","","","","","","","","","","","","",""
"CNA_0317_21","Baja California Sur","CABO SAN LUCAS","87.17","22.899269","-109.908833","","","","","","","","","","","18.21","18.21","","17.88","17.5","","","","","","","","","","","","","","",""
"CNA_0317_17","Baja California Sur","CABO SAN LUCAS","61.77","22.890519","-109.907278","","","","","","","","","","","7.83","","","7.92","7.97","","","","","","","","","","","","","","",""
"CNA_0317_14","Baja California Sur","CABO SAN LUCAS","197.01","22.939669","-110.003181","","","","","","","","","","","","3.44","","2.59","3.15","","","","","","","","","","","","","","",""
"CNA_0317_11","Baja California Sur","CABO SAN LUCAS","244.98","22.964036","-109.885911","","","","","","","","","","","","3.33","","6.06","5.5","","","","","","","","","","","","","","",""
"CNA_0317_08","Baja California Sur","CABO SAN LUCAS","158.85","23.016581","-109.958611","","","","","","","","","","","8.85","3.14","","9.01","11.03","","","","","","","","","","","","","","",""
"CNA_0317_07","Baja California Sur","CABO SAN LUCAS","47.24","23.031667","-109.954556","","","","","","","","","","","","21.68","","23.03","25","","","","","","","","","","","","","","",""
"CNA_0317_03","Baja California Sur","CABO SAN LUCAS","95.60","23.08205","-109.894","","","","","","","","","","","","2.84","","","3.83","","","","","","","","","","","","","","",""
"CNA_0305_17","Baja California Sur","MEZQUITAL SECO","21.74","25.764489","-111.966678","","","","","","","","","","","","","","","8.13","","","","","","","","","","","","","","",""
"CNA_0305_15","Baja California Sur","MEZQUITAL SECO","18.17","25.756378","-112.001206","","","","","","","","","","","","","","","14.23","","","","","","","","","","","","","","",""
"CNA_0305_13","Baja California Sur","MEZQUITAL SECO","26.51","25.789875","-112.049125","","","","","","","","","","","","","","","24.34","","","","","","","","","","","","","","",""
"CNA_0305_11","Baja California Sur","MEZQUITAL SECO","36.57","25.804125","-112.026042","","","","","","","","","","","","","","","32.48","","","","","","","","","","","","","","",""
"CNA_0305_08","Baja California Sur","MEZQUITAL SECO","15.80","25.679686","-112.066208","","","","","","","","","","","","","","","14.6","","","","","","","","","","","","","","",""
"CNA_0305_06","Baja California Sur","MEZQUITAL SECO","33.83","25.701656","-111.981306","","","","","","","","","","","","","","","31.6","","","","","","","","","","","","","","",""
"CNA_0305_04","Baja California Sur","MEZQUITAL SECO","38.53","25.681158","-111.944556","","","","","","","","","","","","","","","34.5","","","","","","","","","","","","","","",""
"CNA_0304_31","Baja California Sur","LA PURÍSIMA","14.51","25.85165","-112.051958","","","","","","","","","","","","","","","6.27","","","","","","4.75","","","","","","","","",""
"CNA_0304_26","Baja California Sur","LA PURÍSIMA","38.15","25.993478","-112.09785","","","","","","","","","","","","","","","46.96","","","","","","64.47","","","","","","","","",""
"CNA_0304_23","Baja California Sur","LA PURÍSIMA","87.17","26.064447","-112.075406","","","","","","","","","","","","","","","6.26","","","","","","4.71","","","","","","","","",""
"CNA_0304_21","Baja California Sur","LA PURÍSIMA","61.77","26.052781","-112.123017","","","","","","","","","","","","","","","14.57","","","","","","15.31","","","","","","","","",""
"CNA_0304_17","Baja California Sur","LA PURÍSIMA","197.01","26.320381","-111.952297","","","","","","","","","","","","","","","12.04","","","","","","","","","","","","","","",""
"CNA_0304_11","Baja California Sur","LA PURÍSIMA","244.98","26.388544","-112.160714","","","","","","","","","","","","","","","43.55","","","","","","","","","","","","","","",""
"CNA_0304_08","Baja California Sur","LA PURÍSIMA","158.85","26.310381","-112.161464","","","","","","","","","","","","","","","1.3","","","","","","","","","","","","","","",""
"CNA_0304_03","Baja California Sur","LA PURÍSIMA","47.24","26.082556","-112.1526","","","","","","","","","","","","","","","9.2","","","","","","2.5","","","","","","","","",""
"CNA_0304_02","Baja California Sur","LA PURÍSIMA","95.60","26.195692","-112.060183","","","","","","","","","","","","","","","5.98","","","","","","6.6","","","","","","","","",""
"CNA-VIZ-40","Baja California Sur","VIZCAÍNO","193.00","27.953122","-113.389869","","","","","26.19","","","","","","","93.45","","94.12","","","","","","","","","","","","","","","",""
"CNA-VIZ-39","Baja California Sur","VIZCAÍNO","130.75","27.929439","-113.567753","","","","","37.7","","","","","","","89.22","","89.61","","","","","","","","","","","","","","","",""
"CNA-VIZ-16A","Baja California Sur","VIZCAÍNO","35.00","27.514389","-113.561083","","","","","40.67","","","10.8","","10.88","","10.96","10.96","11.18","","","","","","","","","","","","","","","",""
"CNA-VIZ-08","Baja California Sur","VIZCAÍNO","4.62","27.917167","-113.963639","","","","4.2","4.2","4.26","","4.17","4.15","4.09","4.1","3.8","4","4.18","","3.93","3.96","","","","","","","","","","","","",""
"CNA-VIZ-03","Baja California Sur","VIZCAÍNO","24.00","27.529725","-113.677544","","","","","5.79","","","","","","","5.65","5.64","5.7","","","","","","","","","","","","","","","",""
"CNA-SI-20","Baja California Sur","SAN IGNACIO","87.69","27.382339","-113.210964","","","","","47.87","51.9","","","53.85","49.95","","47.7","","60","","52.45","","","","","","","","","","","","","",""
"CNA-0304-27","Baja California Sur","LA PURÍSIMA","74.32","25.969283","-112.009986","","","","","","","","","","","","","","","5.72","","","","","","","","","","","","","","",""
"CIPRIANO RODRÍGUEZ FIGUEROA","Baja California Sur","EL CARRIZAL","191.48","23.794918","-110.297046","","","","","","","","","","","","","","","","","","","","","","","","","","","","64.32","",""
"BUEN SUR","Baja California Sur","LA PAZ","198.00","23.929278","-110.255333","1","","","","","","","","","18.27","16.55","","16.31","18.7","19.05","20.04","20.18","18.7","17.4","","17.54","","","","","","18.79","","",""
"BOLA DE FUEGO","Baja California Sur","LA PAZ","29.00","24.056667","-110.392222","","","","","","","","","","","","31.7","31.9","31.49","31.96","32.2","32.22","31.49","32.41","","32.21","","","","","","35.01","","",""
"Alvaro Obregon","Baja California Sur","LA PAZ","415.00","23.863611","-110.168056","","","","","","","","","","","","","","","1.3","","","","","","","","","","","","1.9","","",""
"AGRICOLA PENINSULA DE LA PAZ","Baja California Sur","EL CARRIZAL","206.68","23.794724","-110.283081","","","","","","","","","","","","","","","","","","","","","","","","","","","","67.98","",""
"9","Baja California Sur","SANTO DOMINGO","36.64","25.379167","-111.769167","","46.72","46.57","47.06","48.1","47.23","47.96","52.19","50.72","","52.19","50.73","","","","53.21","","54.5","","","","","","","","","","","",""
"80_30","Baja California Sur","SANTO DOMINGO","74.38","25.045333","-111.559667","","40.08","40.22","37","40.97","","","41.72","41.35","","40.77","40.8","51.4","40.35","41.1","41.5","42.28","41.93","","","","","","","","","","","",""
"79-26A","Baja California Sur","SANTO DOMINGO","78.38","25.185333","-111.569167","","50.98","51.4","50.98","51.6","51.74","52.63","52.12","53.37","","54.35","53.9","53.82","55.4","","","","","","","","","","","","","","","",""
"78_17B","Baja California Sur","SANTO DOMINGO","80.98","25.249667","-111.548","","58.36","58","59.56","59.27","59.7","60.33","","","","60.19","59.95","60.4","60.72","","","","","","","","","","","","","","","",""
"77_15","Baja California Sur","SANTO DOMINGO","61.79","25.249167","-111.63","","70.69","72.3","72.9","74.8","","","","76.2","","74.17","74.4","","76.18","","77.53","78.5","77","","78","","","","","","","","","",""
"76_9B","Baja California Sur","SANTO DOMINGO","61.79","25.328833","-111.6305","","41.67","41.15","67.91","42.49","41.97","43.34","44.8","43","","43.36","42.12","42.85","43.4","43","44.41","44.85","44.72","","44.8","","","","","","","","","",""
"76_7B","Baja California Sur","SANTO DOMINGO","51.25","25.353833","-111.6555","","35.81","35.25","35.41","37.7","36.73","37.74","37.8","38.2","","37.8","37.13","38.03","37.9","","","","","","","","","","","","","","","",""
"76_19_85","Baja California Sur","SANTO DOMINGO","30.50","25.429667","-111.786667","","37.7","","","","","","","","","","","","","","","","","","","","","","","","","","","",""
"73_49_1","Baja California Sur","SANTO DOMINGO","14.16","24.7725","-111.67","","23.8","23.84","23.71","23.5","23.78","27.15","22.45","22.75","","22.5","22.85","23.12","","23.38","22.75","23.1","22.05","","22.8","","","","","","","","","",""
"7","Baja California Sur","SANTO DOMINGO","20.87","25.408833","-111.888333","","26.19","26.6","42.85","26.59","26.57","26.8","27.2","27","","27.07","27.92","28.49","28.07","28.1","28","38.25","28.4","","29.25","","","","","","","","","",""
"62-R","Baja California Sur","VIZCAÍNO","43.00","27.529192","-113.520469","","","","","","","","","","","","","15.22","","","","","","","","","","","","","","","","15.87",""
"5_C5R","Baja California Sur","SANTO DOMINGO","24.50","25.388333","-111.827833","","36.89","42.9","42.96","43.01","43.1","43.5","43.4","","","43.65","43.89","44.88","43.39","","","","","","","","","","","","","","","",""
"5_C3P","Baja California Sur","SANTO DOMINGO","22.87","25.437","-111.842","","40.67","41.58","39.43","39.04","39.31","40.59","40","39.71","","40.62","39.72","36.84","","","","","","","","","","","","","","","","",""
"59.1","Baja California Sur","SANTO DOMINGO","48.32","24.9145","-111.608333","","65.4","60.26","56.76","","59.37","59.96","","","","58.8","59.15","","57.85","57","57.4","64.3","50.55","","63.08","","","","","","","","","",""
"57_611_2","Baja California Sur","SANTO DOMINGO","33.86","24.920333","-111.683","","55.18","55","33.61","45.25","45.64","","46.64","46.9","","47.03","47.43","57.3","47.15","47.38","48.4","48.4","48.53","","47.92","","","","","","","","","",""
"56_1","Baja California Sur","SANTO DOMINGO","38.80","24.97","-111.7","","56.4","57.15","55.25","","","","","59.7","","","60.5","70.83","60.65","","","","69.14","","","","","","","","","","","",""
"55_7","Baja California Sur","SANTO DOMINGO","31.26","24.949167","-111.730333","","40.17","40.67","35.62","","45.52","42","41.76","44.1","","43.7","43.53","","45.27","43.12","50","44.47","50.73","","37.4","","","","","","","","","",""
"54-12","Baja California Sur","SANTO DOMINGO","47.85","24.9775","-111.649167","","65.64","65","61.67","","65.84","66.4","","67.13","","68.7","","","","","68.48","69.44","73.82","","69.82","","","","","","","","","",""
"53_5","Baja California Sur","SANTO DOMINGO","36.63","24.982","-111.753833","","48.85","49.11","48.36","57.21","58.14","58.11","","","","","52.9","","","","","","","","","","","","","","","","","",""
"53","Baja California Sur","SANTO DOMINGO","60.27","25.148833","-111.642","","52.13","","53.93","53.34","54.06","","54.39","62.9","","","","","","","","","","","","","","","","","","","","",""
"528","Baja California Sur","SANTO DOMINGO","12.15","25.5","-111.885333","","20.55","20.42","20.66","21","21.26","20.79","20.6","21.12","","20.26","","","17.76","","18.16","19","18.2","","","","","","","","","","","",""
"51_10","Baja California Sur","SANTO DOMINGO","29.36","24.934667","-111.817","","35.3","","","","","","","","","","","","","","","","","","","","","","","","","","","",""
"50.26","Baja California Sur","SANTO DOMINGO","60.34","24.963667","-111.587833","","60.18","58.75","56.14","63","62.22","60","60.6","61.02","","61.85","62.13","","61.48","","62.24","62.85","","","63.17","","","","","","","","","",""
"5","Baja California Sur","SAN JOSÉ DEL CABO","76.12","23.176167","-109.7205","","18.05","","","","","","","","","","","","","","","","","","","","","","","","","","","",""
"48_AH_180_ROASA","Baja California Sur","SAN JOSÉ DEL CABO","40.76","23.146333","-109.691167","16.09","13.56","5.23","7.15","8.5","9.18","3.54","","3.37","3.47","4.28","4.33","5.18","5.69","6.9","8.98","11.22","8.5","13.78","","7.19","","","","","","","","",""
"48_08","Baja California Sur","SANTO DOMINGO","41.96","25.021167","-111.735833","","65.57","62.9","60.1","60.94","63.57","63.26","61.74","61.74","","60.65","67.2","","69.63","","76.25","","","","72.8","","","","","","","","","",""
"48_02","Baja California Sur","SANTO DOMINGO","52.11","25.018","-111.675833","","73.92","72.87","71.81","77.36","","","","","","","","","","","","","","","","","","","","","","","","",""
"47 TMI_PBPI","Baja California Sur","SANTIAGO","61.60","23.541333","-109.664167","","17.48","","","18.68","","","","","","","6.69","","","","","","18.68","","","18.15","","","","","","","","",""
"46_24","Baja California Sur","SANTO DOMINGO","36.65","25.0225","-111.785333","","45.32","45.26","48.14","52.3","53.34","52.01","42.3","","","","","53.76","53.8","54.23","54.9","54.92","58.76","","55.5","","","","","","","","","",""
"45_20","Baja California Sur","SANTO DOMINGO","31.23","25.018","-111.833667","","39.61","39.52","41.13","41.48","","","","","","46.6","47","41.47","41.26","","","","","","41.73","","","","","","","","","",""
"44_75_76","Baja California Sur","SANTO DOMINGO","57.63","25.005833","-111.618333","","66.95","70.52","65.9","","","","","","","72","","82.21","82.21","71.15","71.4","","","","","","","","","","","","","",""
"43_TMI","Baja California Sur","SANTIAGO","58.60","23.563833","-109.644667","","19.5","","","","","","","","","","","","","","","","","","","","","","","","","","","",""
"42_34","Baja California Sur","SANTO DOMINGO","54.33","25.077","-111.7","","63.37","70","54.76","60.12","61.08","60","74.3","74.3","","65","70.5","74.26","61.85","61.8","61.9","62.8","62.47","","62.73","","","","","","","","","",""
"42_06","Baja California Sur","SANTO DOMINGO","44.82","25.112833","-111.7275","","58.94","60","60.13","60.26","","60.96","60.35","61.1","","","","","","","64.86","67.78","61.42","","66","","","","","","","","","",""
"42975","Baja California Sur","SANTO DOMINGO","63.48","25.197167","-111.655833","","64.15","65.76","66.18","65.64","66.6","","","57.14","","66.94","67.5","57.42","","70.2","70.87","70","72","","73.76","","","","","","","","","",""
"422","Baja California Sur","LA PAZ","37.00","24.070694","-110.327419","40.8","40.84","","40.73","41.68","","","","","40.7","","","","","","","","","51.58","","","","","","","","35.42","","",""
"41_01","Baja California Sur","SANTO DOMINGO","36.78","25.072833","-111.775833","","51.91","55","57.8","54.83","","52.59","53.97","52.07","","53.55","52.57","54.7","","52","53.24","54.58","53.98","","55.36","","","","","","","","","",""
"419","Baja California Sur","LA PAZ","13.00","24.112417","-110.328147","","","","","","","13.71","","","12.05","12.67","12.9","12.74","12.8","13.98","13.94","12.2","12.8","14.29","","","","","","","","","","",""
"416","Baja California Sur","LA PAZ","45.00","24.1225","-110.299167","","","","","43.47","","39.77","37.63","38.32","35.12","39.74","38.95","34.8","45","41.4","42.6","43.45","45","46.48","","43.6","","","","","","44.04","","",""
"415","Baja California Sur","LA PAZ","40.00","24.108333","-110.291667","","","","","37.22","","","","31.5","","","","","43.1","","41.97","","43.1","","","37.9","","","","","","39.01","","",""
"40_04","Baja California Sur","SANTO DOMINGO","34.71","25.062833","-111.802167","","52.44","55.45","50.29","49.4","49.49","50.2","5.5","50.36","","63.4","","","","","","","54.6","","53.34","","","","","","","","","",""
"409","Baja California Sur","LA PAZ","66.00","24.018611","-110.400278","77.07","68.23","","","69.04","68.84","","","70.28","70.7","66.23","70.61","","","70.52","71.25","71.71","","71.74","","72.37","","","","","","","","",""
"408","Baja California Sur","LA PAZ","11.00","24.077778","-110.398889","11.2","11.75","","11.6","13.08","","12.77","12.49","13.7","14.2","14.17","14.24","14.06","13.3","13.74","14.04","14.07","13.3","15.07","","15.39","","","","","","","","",""
"407","Baja California Sur","LA PAZ","18.00","24.075","-110.398611","","","","","16.07","","16.12","","16.07","16.64","17.24","","16.57","17.16","17.34","17.92","","17.16","17.85","","18.21","","","","","","","","",""
"406","Baja California Sur","LA PAZ","14.00","24.089444","-110.408889","13.28","13.2","","13.31","13.82","14.74","14.22","14.45","13.63","14.32","15.21","14.78","14.71","14.4","14.95","15.42","15.04","14.4","15.54","","","","","","","","15.73","","",""
"405","Baja California Sur","LA PAZ","38.00","24.063056","-110.411111","38.9","38.68","","39.58","40.2","","40.02","37.42","37.98","39.93","35.53","","40.67","40.2","41","40.69","40.9","40.2","","","41.38","","","","","","26.1","","",""
"403","Baja California Sur","LA PAZ","33.00","24.038333","-110.37","34.54","","","35.2","35.42","","36.27","36.37","","37.27","32.26","37.74","37.6","37.4","38.13","38.7","38.3","37.4","","","39.07","","","","","","39.15","","",""
"400","Baja California Sur","LA PAZ","55.00","24.015556","-110.390278","","","","","40.45","","60.22","60.23","60.41","61.5","","61.89","","61.89","","","","61.89","","","","","","","","","","","",""
"4","Baja California Sur","SANTO DOMINGO","12.64","25.4545","-111.9175","","19.64","20.29","19.94","19.62","19.64","19.35","","18.59","","18.98","18.63","18.69","20.6","19.58","20.15","21.24","20.4","","19.4","","","","","","","","","",""
"3_1A","Baja California Sur","SANTO DOMINGO","26.11","25.525833","-111.841333","","25.74","","","","","","","","","","","","","","","","","","","","","","","","","","","",""
"39_2","Baja California Sur","SANTO DOMINGO","67.61","25.0625","-111.583833","","31.95","31.92","32.12","32.29","32.16","32.55","32.68","","","32.97","32.86","33.14","32.7","32.94","33.35","33.21","34.01","","","","","","","","","","","",""
"391","Baja California Sur","LA PAZ","30.00","24.053056","-110.383611","30.18","","","31.1","35.62","","","","","32.35","","39","32.7","","33.21","","31.4","","33.69","","26.26","","","","","","","","",""
"38_2","Baja California Sur","SANTO DOMINGO","53.27","25.075","-111.638333","","34.55","35.56","34.28","36.05","36.02","36.25","","","","37","","38.61","36.2","35","36.2","36.4","37.97","","37.05","","","","","","","","","",""
"385","Baja California Sur","LA PAZ","17.00","24.085556","-110.408056","15.32","15.37","","15.3","16.08","","20.36","20.71","15.85","16.55","16.45","16.51","16.72","16.64","17.26","17.58","17.15","16.64","17.36","","17.81","","","","","","17.96","","",""
"384","Baja California Sur","LA PAZ","34.00","24.0825","-110.419167","34.7","34.51","","34.81","35.22","","35.46","35.55","35.46","36.21","35.54","35.53","35.88","35.79","36.29","36.6","36.45","35.79","36.95","","35.87","","","","","","","","",""
"381-R","Baja California Sur","LA PAZ","39.00","24.069444","-110.413889","39.33","38.97","","39.41","39.95","","40.49","40.79","40.21","40.36","35.58","39.36","39.44","40.05","40.45","40.52","40.69","40.05","","","40.27","","","","","","","","",""
"380-R","Baja California Sur","LA PAZ","38.00","24.040833","-110.383889","","","","","40.4","","41.31","","40.91","41.5","","41.89","","41.65","41.47","42.45","42.3","41.65","42.48","","42.9","","","","","","44.3","","",""
"37_32","Baja California Sur","SANTO DOMINGO","69.22","25.1375","-111.579167","","35.92","36.3","36.43","36.69","52.36","","","37.45","","38.14","38.5","38.48","39.06","38.6","39.77","39","51","","40","","","","","","","","","",""
"379","Baja California Sur","LA PAZ","13.00","24.099167","-110.416944","12.85","12.8","","12.85","13.27","","13.49","13.53","13.55","13.28","13.24","20.81","13.9","13.7","13.92","14.18","14.32","13.7","14.75","","","","","","","","","","",""
"378-R","Baja California Sur","LA PAZ","25.00","24.053611","-110.372778","27.22","27.32","","27.78","28.06","28.29","35.55","28.68","28.12","29.2","29.8","29.4","","29.17","29.42","30.58","30","29.17","30.98","","","","","","","","","","",""
"36_TMI","Baja California Sur","SANTIAGO","11.29","23.586","-109.568333","","9.29","","","9.53","8.2","9.45","","","","7.9","8.4","8.9","9.37","8.57","9.5","9.19","9.53","","","9.55","","","","","","","","",""
"36_25","Baja California Sur","SANTO DOMINGO","53.64","25.123333","-111.670833","","46.43","46.71","46.72","47.65","47.66","","","47","","48.38","","49.98","48.1","47.46","50.4","50.7","51.86","","48.18","","","","","","","","","",""
"368","Baja California Sur","LA PAZ","11.00","24.102222","-110.418333","11.25","11.3","","11.4","11.51","","","11.94","11.53","13.15","11.87","12.43","12.04","12.72","12.25","12.53","12.15","12.72","12.12","","15.58","","","","","","","","",""
"35_78","Baja California Sur","SANTO DOMINGO","38.39","25.1645","-111.7945","","62.23","61.83","61.65","62.94","62.57","67.15","63.98","64.33","","","60.45","","67.2","","69.05","71.1","68.95","","","","","","","","","","","",""
"35_49","Baja California Sur","SANTO DOMINGO","40.18","25.113333","-111.789667","","59.67","60","60.13","60.26","","60.96","60.35","61.1","","","","","","","","","","","","","","","","","","","","",""
"35_21","Baja California Sur","SANTO DOMINGO","30.79","25.1055","-111.852","","38.22","37.56","37.95","38.73","","40.12","39.72","","","39.28","38.52","41.46","39.52","39.9","39.6","41","40.5","","40","","","","","","","","","",""
"35_14","Baja California Sur","SANTO DOMINGO","20.54","25.128","-111.902167","","29.13","29","28.75","29.5","","","","28.45","","","20.59","","","","27.8","30","36","","31","","","","","","","","","",""
"34_14","Baja California Sur","SANTO DOMINGO","30.57","25.167","-111.861167","","54.32","50","49.77","50.46","49.9","50.16","49","44","","","50.3","49.48","51.44","51.3","51.4","51.9","42.6","","","","","","","","","","","",""
"33","Baja California Sur","SANTO DOMINGO","45.63","25.149667","-111.7455","","66.36","67.15","67.05","68.39","","70.14","7.34","70.15","","72.43","74.36","73.61","73.3","73.48","74.08","74.45","75.12","","77.4","","","","","","","","","",""
"32_TMI","Baja California Sur","SANTIAGO","16.32","23.595833","-109.605","","12.32","","","11.79","7.93","9.93","","","","","","","","","","3.51","11.79","","","","","","","","","","","",""
"32_02","Baja California Sur","SANTO DOMINGO","16.31","25.128","-111.951167","","16.75","21.53","21.5","21.84","21.83","22.07","","26.19","","21.48","21.26","24","21.18","21.21","22.1","22","21.9","","25.9","","","","","","","","","",""
"326","Baja California Sur","LA PAZ","20.00","24.082222","-110.407778","19.24","19.14","","19.21","20.28","","16.42","16.54","19.87","20.17","20.1","20.82","24.86","20.54","21.09","21.57","21.34","20.54","21.66","","21.93","","","","","","","","",""
"31-27","Baja California Sur","SANTO DOMINGO","72.03","25.193","-111.608667","","54.62","51.6","47.21","52.4","","","","","","53.92","54.2","57.33","56.1","","","","","","61","","","","","","","","","",""
"28","Baja California Sur","SANTO DOMINGO","60.40","25.2805","-111.669667","","57.17","57.6","57.26","58.8","61.47","","","","","","","67.87","60.13","","","","","","","","","","","","","","","",""
"27_28A","Baja California Sur","SANTO DOMINGO","55.02","25.153667","-111.69","","63.66","66.6","88.71","67.42","","","65.5","64.45","","69.9","67.16","67.16","67","","","","","","","","","","","","","","","",""
"26","Baja California Sur","LA PAZ","6.95","24.18467","-110.4925","","7.77","","","","","","","","","","","","","","","","","","","","","","","","","","","",""
"253","Baja California Sur","LA PAZ","5.00","24.092222","-110.398611","","","","","","","","","","","","16.61","5.22","6.48","6.33","7.6","6.44","6.48","6.29","","6.46","","","","","","6","","",""
"252","Baja California Sur","LA PAZ","10.00","24.089167","-110.380556","9.85","9.85","","","10.16","","","","9.83","7.95","10.08","10.51","10.35","10.24","10.54","10.27","10.5","10.24","","","10.39","","","","","","10.12","","",""
"25","Baja California Sur","SANTO DOMINGO","34.55","25.222","-111.8355","","58.79","","56.55","56.81","","57.57","","56.93","","57.03","57.34","","56.3","58.1","58.6","58.8","73.8","","61.2","","","","","","","","","",""
"248-R","Baja California Sur","LA PAZ","30.00","24.044722","-110.3575","","","","32.68","33.8","","35.89","","40.11","37.04","40.03","37.8","40.17","","38.35","","31.69","","","","33.38","","","","","","13.99","","",""
"243","Baja California Sur","LA PAZ","13.00","24.087222","-110.370556","13.12","12.5","","13.85","14.04","14.36","13.74","14","12.13","14.48","23.15","14.25","14.11","13.73","13.82","14.2","13.62","13.73","14.36","","14.84","","","","","","","","",""
"242-R","Baja California Sur","LA PAZ","13.00","24.085278","-110.373889","13.2","13.67","","13.81","13.82","","13.65","13.64","13.11","13.53","13.83","13.8","13.89","13.82","13.82","14.49","13.6","13.82","15.04","","15.44","","","","","","","","",""
"228-A","Baja California Sur","LA PAZ","7.00","24.090833","-110.400278","6.35","6.72","","6.49","6.9","","7.52","7.3","7.37","7.51","7.28","7.59","6.82","7.16","7.49","8.02","7.47","7.16","7.32","","7.8","","","","","","10.02","","",""
"221","Baja California Sur","LA PAZ","15.00","24.076028","-110.377472","15.4","15.54","","16.05","16.16","","","12.98","16.08","16.3","16.38","16.51","","16.55","","17.38","","16.55","","","","","","","","","","","",""
"21_27","Baja California Sur","SANTO DOMINGO","21.90","25.169667","-111.916667","","27.92","26.97","27.22","27.73","27.61","27.73","","","","","","","","","","","","","","","","","","","","","","",""
"217-R","Baja California Sur","LA PAZ","19.00","24.070278","-110.3975","18.81","18.39","","18.95","19.53","","","20.12","25.94","20.41","","21.12","20.54","20.78","21.06","21.88","","20.78","21.7","","22.14","","","","","","","","",""
"216","Baja California Sur","LA PAZ","32.00","24.0575","-110.398611","1","","","","","","","","","34.03","","35.02","34.21","34.25","","35","35.55","34.25","35.25","","","","","","","","19.42","","",""
"211","Baja California Sur","LA PAZ","22.00","24.068333","-110.370278","21.14","21.37","","21.6","","","22.32","22.66","22.79","22.38","22.59","","22.79","","22.84","","25.33","","31.77","","24.72","","","","","","","","",""
"20_16_17","Baja California Sur","SANTO DOMINGO","29.90","25.239667","-111.803667","","62.98","63.33","63.07","","61.03","62.68","62","","","63.11","62.33","62.72","64.63","64.4","58.7","66.7","68.6","","66.27","","","","","","","","","",""
"209","Baja California Sur","LA PAZ","38.00","24.027222","-110.368611","41.56","","","","","","","42.63","42.78","43.13","","43.34","44.26","43.85","44.64","44.4","44.61","43.85","56.8","","","","","","","","59.32","","",""
"208","Baja California Sur","LA PAZ","32.00","24.036389","-110.364167","35.58","35.73","","36.18","36.41","","36.96","36.98","37.16","37.6","37.99","38.02","38","38.08","39.15","38.8","38.74","38.08","39.09","","37.39","","","","","","","","",""
"207-R","Baja California Sur","LA PAZ","29.00","24.043889","-110.368889","32.07","32.2","","32.59","32.88","","33.4","33.33","38.26","33.92","38.55","","","","","","","","37.11","","","","","","","","","","",""
"206","Baja California Sur","LA PAZ","33.00","24.034444","-110.356667","","","","","48.46","","38.91","","","39.56","","40.28","40.8","43.8","40.49","41.16","40.83","43.8","","","","","","","","","","","",""
"205","Baja California Sur","LA PAZ","25.00","24.053611","-110.359167","","","","29.2","29.45","","30","29.8","29.64","","30","30.64","30.28","30.45","33.4","31.02","31.2","30.45","35.66","","32.05","","","","","","42.16","","",""
"2","Baja California Sur","SAN JOSÉ DEL CABO","30.70","23.1145","-109.703167","10.71","9.54","","5.17","4.94","5.31","3.04","","2.4","2.6","3.53","3.29","7.12","3.72","4.09","5.31","","4.94","","","5.01","","","","","","","","",""
"19_73","Baja California Sur","SANTO DOMINGO","49.63","25.240833","-111.688667","","55.95","58.66","67.8","59.34","58.57","60.54","61.74","62.23","","61.86","62.45","63.33","63.24","","64.49","69.89","70.7","","70.25","","","","","","","","","",""
"19_68","Baja California Sur","SANTO DOMINGO","36.80","25.250333","-111.742167","","58.5","59.9","59.66","61.7","67","","","","","64.2","63.2","64.04","64.63","","","","","","","","","","","","","","","",""
"19_25","Baja California Sur","SANTO DOMINGO","48.99","25.201333","-111.712","","65.27","66.1","67.02","","68.16","68.63","68.63","69.36","","70.13","56.5","","72.36","71.4","73.5","74.3","74.16","","75.72","","","","","","","","","",""
"19_20","Baja California Sur","SANTO DOMINGO","40.98","25.1995","-111.761333","","61.62","62.85","63.4","64.55","63.78","64.59","","66.85","","65.9","73.5","67.4","","67.55","68.28","69.3","69.1","","71.2","","","","","","","","","",""
"19_140","Baja California Sur","SANTO DOMINGO","31.10","25.283667","-111.775833","","60.08","56.89","57.5","57.27","55.51","56.54","55.2","58.69","","","","58.92","61","","","","","","","","","","","","","","","",""
"197-A","Baja California Sur","LA PAZ","9.00","24.098611","-110.352778","10.15","10.22","","","10.55","","10.24","10.3","9.86","9.42","9.7","10.56","10.61","10.6","10.56","11.32","11.47","10.6","11.45","","11.74","","","","","","11.52","","",""
"191-R","Baja California Sur","LA PAZ","10.00","24.096389","-110.3525","10.8","10.92","","11.07","11.48","","11.22","11.03","10.56","10.5","10.64","10.98","10.8","10.91","11.61","11.5","11.88","10.91","12.2","","12.39","","","","","","8.3","","",""
"186_XIII","Baja California Sur","SAN JOSÉ DEL CABO","23.72","23.086333","-109.699","5.29","4.84","","2.1","2.3","4.37","3.37","","3.56","","4.06","4","3.86","","","3.92","","2.3","","","","","","","","","","","",""
"182","Baja California Sur","LA PAZ","12.00","24.093611","-110.350556","12.62","12.73","","12.78","12.98","","12.9","12.57","12.23","12.13","12.07","12.8","12.93","13.43","13.83","13.84","13.96","13.43","13.84","","15.79","","","","","","14.02","","",""
"181-R","Baja California Sur","LA PAZ","17.00","24.073611","-110.348889","20.2","20.73","","20.51","20.88","21.08","","","20.4","20","20.22","20.81","20.57","16.45","21.35","21.41","22.25","16.45","21.81","","22.26","","","","","","23.3","","",""
"18","Baja California Sur","SANTO DOMINGO","39.98","25.279667","-111.706333","","53.82","48.88","49.62","50.86","49.57","51.7","52.15","52.73","","","","54.74","58","","","","","","","","","","","","","","","",""
"172","Baja California Sur","LA PAZ","14.00","24.078611","-110.354444","","16.86","","17.36","17.73","","15.98","","16.71","22.62","17.06","16.9","16.93","17.09","17.5","17.7","18.27","17.09","18","","18.36","","","","","","18","","",""
"171-A","Baja California Sur","LA PAZ","13.00","24.088333","-110.350833","","15.26","","","15.67","","15.13","","14.9","20.44","14.84","15.56","15.08","15.23","15.9","15.96","16.38","15.23","16.18","","16.44","","","","","","","","",""
"167-R","Baja California Sur","LA PAZ","42.00","24.0489","-110.334369","46.14","46.9","","46.25","47.39","","47.32","47.62","47.38","47.4","47.58","47.88","47.58","48","48.45","49.1","49.42","48","45.52","","","","","","","","","","",""
"166","Baja California Sur","LA PAZ","50.00","24.0477","-110.32655","59.98","59.98","","58.85","58.91","58.86","59.2","59.25","64.1","59.04","60.3","59.54","59.76","59.89","60.36","62.84","61.27","59.89","61.12","","61.5","","","","","","","","",""
"164","Baja California Sur","LA PAZ","51.00","24.061136","-110.320028","59.57","60.5","","59.71","60.26","","42.2","60.59","64.72","58.6","60","59.88","59.5","","60.53","62.62","","","","","","","","","","","76.28","","",""
"16","Baja California Sur","SANTO DOMINGO","24.80","25.304667","-111.828333","","44.15","45.56","45.65","46.06","45.34","49.38","46.37","40","","47.27","47.8","48.38","50","51.2","50","52","50.92","","53.26","","","","","","","","","",""
"157_TMI","Baja California Sur","SAN JOSÉ DEL CABO","83.30","23.214667","-109.686333","23.16","18.02","16.33","13.58","15","16.58","8.9","","6.25","9.83","13.01","","9.94","11.77","","16.42","16.65","15","28.38","","22.58","","","","","","","","",""
"153","Baja California Sur","LA PAZ","21.09","24.058889","-110.3475","27.14","","","","28.18","28","","","28.2","32.15","29.6","","","","29.04","29.43","","","","","30.04","","","","","","","","",""
"152","Baja California Sur","LA PAZ","25.00","24.057222","-110.343333","29.77","","","30.97","31.13","","","","","","30.8","31.3","","","31.42","","32.68","","32.98","","","","","","","","","","",""
"151","Baja California Sur","LA PAZ","38.00","24.055","-110.333056","44.19","44.44","","44.23","45","","45.3","45.57","44.97","40.88","49.6","45.29","45.32","45.54","44.2","46.42","46.72","45.54","46.97","","47.16","","","","","","57.99","","",""
"15","Baja California Sur","SANTO DOMINGO","52.10","25.347","-111.6795","","41.63","41.77","41.12","42.54","41.99","42.64","","42.6","","","","45.17","46.15","46.4","47.14","46.76","47","","45.4","","","","","","","","","",""
"146","Baja California Sur","LA PAZ","16.00","24.081944","-110.343889","","19.8","","20.27","20.61","","20.36","","19.49","19.22","","","","20.9","20.08","20.8","","20.9","","","21.21","","","","","","","","",""
"145-R","Baja California Sur","LA PAZ","21.59","24.080753","-110.333206","28.12","28.21","","28.02","28.5","","27.18","","29.5","27.44","","","","","","","","","32.75","","25.49","","","","","","","","",""
"143","Baja California Sur","LA PAZ","36.27","24.030556","-110.356111","42.88","42.86","","39.63","43.39","","43","","","41.85","","","","43.3","43.2","43.16","43.44","43.3","","","","","","","","","","","",""
"142","Baja California Sur","LA PAZ","29.83","24.084519","-110.325344","36.66","36.87","","36.49","36.95","","36.65","","","","","","","","","","36.71","","","","","","","","","","","","",""
"141","Baja California Sur","LA PAZ","27.00","24.085097","-110.332044","29.65","","","28.28","28.69","","28.73","36.92","28.12","28.05","27.6","28","27.91","32.57","28.32","30.6","29.28","32.57","34.1","","25.97","","","","","","39.53","","",""
"140","Baja California Sur","LA PAZ","28.00","24.088483","-110.331106","28.68","28.8","","28.74","29.02","","28.78","","28.18","28.29","28.9","28.2","28.44","28.25","28.5","28.91","","28.25","","","","","","","","","","","",""
"13_18A","Baja California Sur","SANTO DOMINGO","49.30","25.338333","-111.728","","58.68","58.93","61.05","","61.19","62.91","63.1","56.8","","62.54","62.86","63.16","63.34","64.4","66.6","65","68.84","","62.5","","","","","","","","","",""
"138","Baja California Sur","LA PAZ","36.00","24.089228","-110.324194","35.03","35.56","","34.76","35.27","","34.9","35.49","","33.67","34.3","34.24","","34.2","31.88","35.09","40.94","34.2","36.28","","38.94","","","","","","","","",""
"137","Baja California Sur","LA PAZ","28.00","24.09143","-110.31356","28.64","29","","28.64","","","","","","","","","","","34.67","","","","","","","","","","","","46.16","","",""
"135-R","Baja California Sur","LA PAZ","18.00","24.108056","-110.325556","18.91","17.06","","16.89","17.12","","16.63","16.56","15.55","15.02","15.5","15.71","16.08","16.3","16.52","16.85","17.2","16.3","24.03","","17.84","","","","","","17.37","","",""
"134","Baja California Sur","LA PAZ","20.00","24.104028","-110.323978","20.96","21.1","","20.78","21.18","","20.57","20.21","19.63","19.11","19.62","19.79","19.9","19.75","20.35","20.7","23.92","19.75","17.45","","21.69","","","","","","21.14","","",""
"13-R","Baja California Sur","SAN JOSÉ DEL CABO","60.65","23.169","-109.682833","20.62","18.21","","11.9","12.82","13.92","7.44","","7.01","8.05","9.54","8","8.04","9.19","10.9","13.17","","12.82","18.49","","10.59","","","","","","","","",""
"13","Baja California Sur","SANTO DOMINGO","36.74","25.352167","-111.787833","","53.83","53.29","52.55","53.2","","","","","","","53.6","","","","","","","","","","","","","","","","","",""
"129-B","Baja California Sur","LA PAZ","26.00","24.098483","-110.316931","30.14","30.02","","29.77","29.93","31.65","30","29.53","29.15","28.4","28.75","29.3","29.4","29.1","29.35","29.82","31.95","29.1","32.7","","30.88","","","","","","40.49","","",""
"128","Baja California Sur","LA PAZ","36.00","24.089719","-110.312672","40.89","","","40.34","41.09","","","","40.04","39.49","39.59","39.92","40.02","40.04","40.55","40.85","41.26","40.04","41.75","","41.75","","","","","","","","",""
"127","Baja California Sur","SANTO DOMINGO","18.32","25.505833","-111.921333","","21.39","21.13","21.1","","21.28","21.17","21.3","","","21.1","21.1","20.98","","","","","","","","","","","","","","","","",""
"122-R","Baja California Sur","LA PAZ","15.00","24.085389","-110.366992","","","","","14.96","","14.91","14.94","14.4","14.5","15","15.8","15.24","15.08","15.87","15.78","15.68","15.08","","","16.07","","","","","","","","",""
"12","Baja California Sur","SANTO DOMINGO","27.75","25.358667","-111.836167","","42.69","43.37","43.8","43.05","43.34","43.98","44.32","","","45","45","45.68","46.43","46.52","47.16","47","47.3","","48.1","","","","","","","","","",""
"111","Baja California Sur","SANTO DOMINGO","47.10","25.371333","-111.713833","","39.48","40.1","40.07","40.69","40.9","","","42.03","","42.82","42.93","","43.55","","44.67","45","45","","45.13","","","","","","","","","",""
"109 ROASA","Baja California Sur","SANTIAGO","30.81","23.581333","-109.6155","","16.55","","","17.37","6.46","10.05","","","","7.2","4.01","7.26","8.31","9.42","12.6","12.83","17.37","","","13.95","","","","","","","","",""
"10","Baja California Sur","SAN JOSÉ DEL CABO","85.73","23.178667","-109.7405","24.9","21.94","","17.87","21.5","24.52","","","9.39","19.32","22.03","19.01","20.1","22","23.65","25.24","26.54","21.5","28.73","","19.13","","","","","","","","",""