Pozo,Estado,Acuífero,Elev.Brocal,Latitud,Longitud,año,nivel_estatico,precip_mm,temp_C
SAPA No.4 R,Baja California Sur,LA PAZ,76.0,23.994167,-110.332778,2010,79.46,0.31,23.15
Sapa No.21,Baja California Sur,LA PAZ,82.0,24.021667,-110.3175,2010,104.71,0.31,23.15
SAPA La Paz (San Pedro),Baja California Sur,LA PAZ,190.0,23.929722,-110.263889,2010,53.75,0.31,24.23
S/N_3,Baja California Sur,LA PAZ,51.0,24.024167,-110.389444,2010,54.17,0.31,23.15
Patricio Suarez A.,Baja California Sur,LA PAZ,215.0,23.93494,-110.24303,2010,17.26,0.31,24.23
OBS-VIZ-55,Baja California Sur,VIZCAÍNO,76.82,27.646306,-113.423722,2010,41.0,0.15,21.41
OBS-VIZ-53,Baja California Sur,VIZCAÍNO,77.01,27.673,-113.470222,2010,41.4,0.14,20.25
OBS-VIZ-51,Baja California Sur,VIZCAÍNO,74.69,27.470306,-113.298167,2010,44.86,0.15,21.41
OBS-VIZ-49,Baja California Sur,VIZCAÍNO,62.57,27.541056,-113.377861,2010,32.28,0.15,21.41
OBS-VIZ-48,Baja California Sur,VIZCAÍNO,58.05,27.530067,-113.393139,2010,27.49,0.15,21.41
OBS-VIZ-47,Baja California Sur,VIZCAÍNO,115.62,27.798608,-113.3729,2010,51.96,0.17,21.31
OBS-VIZ-45,Baja California Sur,VIZCAÍNO,117.98,27.779247,-113.328153,2010,41.3,0.17,21.31
OBS-VIZ-43,Baja California Sur,VIZCAÍNO,146.67,27.831994,-113.266525,2010,37.98,0.17,21.31
OBS-VIZ-37,Baja California Sur,VIZCAÍNO,44.01,27.879925,-113.802867,2010,29.35,0.17,19.42
OBS-VIZ-36,Baja California Sur,VIZCAÍNO,51.0,27.822375,-113.701111,2010,37.22,0.17,19.42
OBS-VIZ-31,Baja California Sur,VIZCAÍNO,31.98,27.615636,-113.6673,2010,9.74,0.14,20.25
OBS-VIZ-30,Baja California Sur,VIZCAÍNO,145.68,27.840139,-113.299111,2010,39.7,0.17,21.31
OBS-VIZ-26,Baja California Sur,VIZCAÍNO,76.16,27.471083,-113.28975,2010,43.56,0.15,21.41
OBS-VIZ-25,Baja California Sur,VIZCAÍNO,63.15,27.510778,-113.382389,2010,29.09,0.15,21.41
OBS-VIZ-24,Baja California Sur,VIZCAÍNO,62.48,27.535861,-113.382639,2010,32.26,0.15,21.41
OBS-VIZ-23,Baja California Sur,VIZCAÍNO,58.67,27.530194,-113.374694,2010,32.33,0.15,21.41
OBS-VIZ-22,Baja California Sur,VIZCAÍNO,58.26,27.527611,-113.394111,2010,28.27,0.15,21.41
OBS-VIZ-01,Baja California Sur,VIZCAÍNO,53.87,27.571431,-113.522964,2010,21.67,0.14,20.25
La Laguna 1,Baja California Sur,SANTIAGO,114.6,23.4755,-109.714167,2010,4.31,0.36,23.65
La Cienega,Baja California Sur,SANTIAGO,77.74,23.536833,-109.679167,2010,8.3,0.27,24.9
Gilberto Chávez A.,Baja California Sur,LA PAZ,194.0,23.934222,-110.261194,2010,21.26,0.31,24.23
F_6,Baja California Sur,SANTO DOMINGO,28.95,25.253833,-111.925,2010,25.0,0.17,22.23
EL PALMAR,Baja California Sur,LA PAZ,194.0,23.932528,-110.259556,2010,22.51,0.31,24.23
El Cantil,Baja California Sur,SANTIAGO,95.3,23.4975,-109.706833,2010,6.47,0.36,23.65
BUEN SUR,Baja California Sur,LA PAZ,198.0,23.929278,-110.255333,2010,19.05,0.31,24.23
BOLA DE FUEGO,Baja California Sur,LA PAZ,29.0,24.056667,-110.392222,2010,31.96,0.31,23.15
80_30,Baja California Sur,SANTO DOMINGO,74.38,25.045333,-111.559667,2010,41.1,0.18,23.7
76_9B,Baja California Sur,SANTO DOMINGO,61.79,25.328833,-111.6305,2010,43.0,0.17,22.23
73_49_1,Baja California Sur,SANTO DOMINGO,14.16,24.7725,-111.67,2010,23.38,0.19,22.02
7,Baja California Sur,SANTO DOMINGO,20.87,25.408833,-111.888333,2010,28.1,0.17,22.23
59.1,Baja California Sur,SANTO DOMINGO,48.32,24.9145,-111.608333,2010,57.0,0.19,22.02
57_611_2,Baja California Sur,SANTO DOMINGO,33.86,24.920333,-111.683,2010,47.38,0.19,22.02
55_7,Baja California Sur,SANTO DOMINGO,31.26,24.949167,-111.730333,2010,43.12,0.19,22.02
48_AH_180_ROASA,Baja California Sur,SAN JOSÉ DEL CABO,40.76,23.146333,-109.691167,2010,6.9,0.31,23.69
46_24,Baja California Sur,SANTO DOMINGO,36.65,25.0225,-111.785333,2010,54.23,0.19,22.02
44_75_76,Baja California Sur,SANTO DOMINGO,57.63,25.005833,-111.618333,2010,71.15,0.19,22.02
42_34,Baja California Sur,SANTO DOMINGO,54.33,25.077,-111.7,2010,61.8,0.19,22.02
42975,Baja California Sur,SANTO DOMINGO,63.48,25.197167,-111.655833,2010,70.2,0.19,22.02
41_01,Baja California Sur,SANTO DOMINGO,36.78,25.072833,-111.775833,2010,52.0,0.19,22.02
419,Baja California Sur,LA PAZ,13.0,24.112417,-110.328147,2010,13.98,0.31,23.15
416,Baja California Sur,LA PAZ,45.0,24.1225,-110.299167,2010,41.4,0.31,24.23
409,Baja California Sur,LA PAZ,66.0,24.018611,-110.400278,2010,70.52,0.31,23.15
408,Baja California Sur,LA PAZ,11.0,24.077778,-110.398889,2010,13.74,0.31,23.15
407,Baja California Sur,LA PAZ,18.0,24.075,-110.398611,2010,17.34,0.31,23.15
406,Baja California Sur,LA PAZ,14.0,24.089444,-110.408889,2010,14.95,0.31,23.15
405,Baja California Sur,LA PAZ,38.0,24.063056,-110.411111,2010,41.0,0.31,23.15
403,Baja California Sur,LA PAZ,33.0,24.038333,-110.37,2010,38.13,0.31,23.15
4,Baja California Sur,SANTO DOMINGO,12.64,25.4545,-111.9175,2010,19.58,0.17,22.23
39_2,Baja California Sur,SANTO DOMINGO,67.61,25.0625,-111.583833,2010,32.94,0.19,22.02
391,Baja California Sur,LA PAZ,30.0,24.053056,-110.383611,2010,33.21,0.31,23.15
38_2,Baja California Sur,SANTO DOMINGO,53.27,25.075,-111.638333,2010,35.0,0.19,22.02
385,Baja California Sur,LA PAZ,17.0,24.085556,-110.408056,2010,17.26,0.31,23.15
384,Baja California Sur,LA PAZ,34.0,24.0825,-110.419167,2010,36.29,0.31,23.15
381-R,Baja California Sur,LA PAZ,39.0,24.069444,-110.413889,2010,40.45,0.31,23.15
380-R,Baja California Sur,LA PAZ,38.0,24.040833,-110.383889,2010,41.47,0.31,23.15
37_32,Baja California Sur,SANTO DOMINGO,69.22,25.1375,-111.579167,2010,38.6,0.19,22.02
379,Baja California Sur,LA PAZ,13.0,24.099167,-110.416944,2010,13.92,0.31,23.15
378-R,Baja California Sur,LA PAZ,25.0,24.053611,-110.372778,2010,29.42,0.31,23.15
36_TMI,Baja California Sur,SANTIAGO,11.29,23.586,-109.568333,2010,8.57,0.27,24.9
36_25,Baja California Sur,SANTO DOMINGO,53.64,25.123333,-111.670833,2010,47.46,0.19,22.02
368,Baja California Sur,LA PAZ,11.0,24.102222,-110.418333,2010,12.25,0.31,23.15
35_21,Baja California Sur,SANTO DOMINGO,30.79,25.1055,-111.852,2010,39.9,0.19,22.02
34_14,Baja California Sur,SANTO DOMINGO,30.57,25.167,-111.861167,2010,51.3,0.19,22.02
33,Baja California Sur,SANTO DOMINGO,45.63,25.149667,-111.7455,2010,73.48,0.19,22.02
32_02,Baja California Sur,SANTO DOMINGO,16.31,25.128,-111.951167,2010,21.21,0.19,22.02
326,Baja California Sur,LA PAZ,20.0,24.082222,-110.407778,2010,21.09,0.31,23.15
253,Baja California Sur,LA PAZ,5.0,24.092222,-110.398611,2010,6.33,0.31,23.15
252,Baja California Sur,LA PAZ,10.0,24.089167,-110.380556,2010,10.54,0.31,23.15
25,Baja California Sur,SANTO DOMINGO,34.55,25.222,-111.8355,2010,58.1,0.19,22.02
248-R,Baja California Sur,LA PAZ,30.0,24.044722,-110.3575,2010,38.35,0.31,23.15
243,Baja California Sur,LA PAZ,13.0,24.087222,-110.370556,2010,13.82,0.31,23.15
242-R,Baja California Sur,LA PAZ,13.0,24.085278,-110.373889,2010,13.82,0.31,23.15
228-A,Baja California Sur,LA PAZ,7.0,24.090833,-110.400278,2010,7.49,0.31,23.15
217-R,Baja California Sur,LA PAZ,19.0,24.070278,-110.3975,2010,21.06,0.31,23.15
211,Baja California Sur,LA PAZ,22.0,24.068333,-110.370278,2010,22.84,0.31,23.15
20_16_17,Baja California Sur,SANTO DOMINGO,29.9,25.239667,-111.803667,2010,64.4,0.19,22.02
209,Baja California Sur,LA PAZ,38.0,24.027222,-110.368611,2010,44.64,0.31,23.15
208,Baja California Sur,LA PAZ,32.0,24.036389,-110.364167,2010,39.15,0.31,23.15
206,Baja California Sur,LA PAZ,33.0,24.034444,-110.356667,2010,40.49,0.31,23.15
205,Baja California Sur,LA PAZ,25.0,24.053611,-110.359167,2010,33.4,0.31,23.15
2,Baja California Sur,SAN JOSÉ DEL CABO,30.7,23.1145,-109.703167,2010,4.09,0.31,23.69
19_25,Baja California Sur,SANTO DOMINGO,48.99,25.201333,-111.712,2010,71.4,0.19,22.02
19_20,Baja California Sur,SANTO DOMINGO,40.98,25.1995,-111.761333,2010,67.55,0.19,22.02
197-A,Baja California Sur,LA PAZ,9.0,24.098611,-110.352778,2010,10.56,0.31,23.15
191-R,Baja California Sur,LA PAZ,10.0,24.096389,-110.3525,2010,11.61,0.31,23.15
182,Baja California Sur,LA PAZ,12.0,24.093611,-110.350556,2010,13.83,0.31,23.15
181-R,Baja California Sur,LA PAZ,17.0,24.073611,-110.348889,2010,21.35,0.31,23.15
172,Baja California Sur,LA PAZ,14.0,24.078611,-110.354444,2010,17.5,0.31,23.15
171-A,Baja California Sur,LA PAZ,13.0,24.088333,-110.350833,2010,15.9,0.31,23.15
167-R,Baja California Sur,LA PAZ,42.0,24.0489,-110.334369,2010,48.45,0.31,23.15
166,Baja California Sur,LA PAZ,50.0,24.0477,-110.32655,2010,60.36,0.31,23.15
164,Baja California Sur,LA PAZ,51.0,24.061136,-110.320028,2010,60.53,0.31,23.15
16,Baja California Sur,SANTO DOMINGO,24.8,25.304667,-111.828333,2010,51.2,0.17,22.23
153,Baja California Sur,LA PAZ,21.09,24.058889,-110.3475,2010,29.04,0.31,23.15
152,Baja California Sur,LA PAZ,25.0,24.057222,-110.343333,2010,31.42,0.31,23.15
151,Baja California Sur,LA PAZ,38.0,24.055,-110.333056,2010,44.2,0.31,23.15
15,Baja California Sur,SANTO DOMINGO,52.1,25.347,-111.6795,2010,46.4,0.17,22.23
146,Baja California Sur,LA PAZ,16.0,24.081944,-110.343889,2010,20.08,0.31,23.15
143,Baja California Sur,LA PAZ,36.27,24.030556,-110.356111,2010,43.2,0.31,23.15
141,Baja California Sur,LA PAZ,27.0,24.085097,-110.332044,2010,28.32,0.31,23.15
140,Baja California Sur,LA PAZ,28.0,24.088483,-110.331106,2010,28.5,0.31,23.15
13_18A,Baja California Sur,SANTO DOMINGO,49.3,25.338333,-111.728,2010,64.4,0.17,22.23
138,Baja California Sur,LA PAZ,36.0,24.089228,-110.324194,2010,31.88,0.31,23.15
137,Baja California Sur,LA PAZ,28.0,24.09143,-110.31356,2010,34.67,0.31,23.15
135-R,Baja California Sur,LA PAZ,18.0,24.108056,-110.325556,2010,16.52,0.31,23.15
134,Baja California Sur,LA PAZ,20.0,24.104028,-110.323978,2010,20.35,0.31,23.15
13-R,Baja California Sur,SAN JOSÉ DEL CABO,60.65,23.169,-109.682833,2010,10.9,0.24,24.75
129-B,Baja California Sur,LA PAZ,26.0,24.098483,-110.316931,2010,29.35,0.31,23.15
128,Baja California Sur,LA PAZ,36.0,24.089719,-110.312672,2010,40.55,0.31,23.15
122-R,Baja California Sur,LA PAZ,15.0,24.085389,-110.366992,2010,15.87,0.31,23.15
12,Baja California Sur,SANTO DOMINGO,27.75,25.358667,-111.836167,2010,46.52,0.17,22.23
109 ROASA,Baja California Sur,SANTIAGO,30.81,23.581333,-109.6155,2010,9.42,0.27,24.9
10,Baja California Sur,SAN JOSÉ DEL CABO,85.73,23.178667,-109.7405,2010,23.65,0.31,23.69
S/N_4,Baja California Sur,LA PAZ,42.0,24.025833,-110.3825,2011,47.17,0.25,23.87
S/N_3,Baja California Sur,LA PAZ,51.0,24.024167,-110.389444,2011,54.58,0.25,23.87
S/N_2,Baja California Sur,LA PAZ,38.0,24.028611,-110.373333,2011,42.92,0.25,23.87
S/N_1,Baja California Sur,LA PAZ,8.0,24.091944,-110.402222,2011,8.7,0.25,23.87
OBS.-VIZ-11,Baja California Sur,VIZCAÍNO,54.62,27.911656,-113.793519,2011,38.52,0.07,19.69
OBS-VIZ-56,Baja California Sur,VIZCAÍNO,71.49,27.604167,-113.396917,2011,33.98,0.09,21.65
OBS-VIZ-55,Baja California Sur,VIZCAÍNO,76.82,27.646306,-113.423722,2011,41.0,0.09,21.65
OBS-VIZ-54,Baja California Sur,VIZCAÍNO,71.7,27.648194,-113.473222,2011,37.25,0.07,20.51
OBS-VIZ-53,Baja California Sur,VIZCAÍNO,77.01,27.673,-113.470222,2011,41.2,0.07,20.51
OBS-VIZ-51,Baja California Sur,VIZCAÍNO,74.69,27.470306,-113.298167,2011,44.8,0.09,21.65
OBS-VIZ-50,Baja California Sur,VIZCAÍNO,75.71,27.512889,-113.323056,2011,44.76,0.09,21.65
OBS-VIZ-49,Baja California Sur,VIZCAÍNO,62.57,27.541056,-113.377861,2011,32.16,0.09,21.65
OBS-VIZ-48,Baja California Sur,VIZCAÍNO,58.05,27.530067,-113.393139,2011,27.55,0.09,21.65
OBS-VIZ-47,Baja California Sur,VIZCAÍNO,115.62,27.798608,-113.3729,2011,52.5,0.09,21.51
OBS-VIZ-46,Baja California Sur,VIZCAÍNO,117.53,27.785667,-113.36075,2011,45.0,0.09,21.51
OBS-VIZ-45,Baja California Sur,VIZCAÍNO,117.98,27.779247,-113.328153,2011,40.96,0.09,21.51
OBS-VIZ-43,Baja California Sur,VIZCAÍNO,146.67,27.831994,-113.266525,2011,37.88,0.09,21.51
OBS-VIZ-37,Baja California Sur,VIZCAÍNO,44.01,27.879925,-113.802867,2011,30.98,0.07,19.69
OBS-VIZ-35,Baja California Sur,VIZCAÍNO,68.64,27.599947,-113.384239,2011,32.67,0.09,21.65
OBS-VIZ-34,Baja California Sur,VIZCAÍNO,52.99,27.572375,-113.534375,2011,21.75,0.07,20.51
OBS-VIZ-30,Baja California Sur,VIZCAÍNO,145.68,27.840139,-113.299111,2011,39.5,0.09,21.51
OBS-VIZ-28,Baja California Sur,VIZCAÍNO,79.16,27.667597,-113.468389,2011,41.91,0.07,20.51
OBS-VIZ-27,Baja California Sur,VIZCAÍNO,77.25,27.531556,-113.326278,2011,45.19,0.09,21.65
OBS-VIZ-26,Baja California Sur,VIZCAÍNO,76.16,27.471083,-113.28975,2011,43.81,0.09,21.65
OBS-VIZ-25,Baja California Sur,VIZCAÍNO,63.15,27.510778,-113.382389,2011,29.28,0.09,21.65
OBS-VIZ-24,Baja California Sur,VIZCAÍNO,62.48,27.535861,-113.382639,2011,31.22,0.09,21.65
OBS-VIZ-23,Baja California Sur,VIZCAÍNO,58.67,27.530194,-113.374694,2011,32.61,0.09,21.65
OBS-VIZ-22,Baja California Sur,VIZCAÍNO,58.26,27.527611,-113.394111,2011,28.4,0.09,21.65
OBS-VIZ-21,Baja California Sur,VIZCAÍNO,17.93,27.619825,-113.757294,2011,6.9,0.07,20.51
OBS-VIZ-16B,Baja California Sur,VIZCAÍNO,46.0,27.886117,-113.798961,2011,32.33,0.07,19.69
OBS-VIZ-16,Baja California Sur,VIZCAÍNO,44.53,27.5445,-113.743761,2011,14.02,0.07,20.51
OBS-VIZ-13,Baja California Sur,VIZCAÍNO,75.63,27.760631,-113.531753,2011,35.92,0.07,19.69
OBS-VIZ-12,Baja California Sur,VIZCAÍNO,29.06,27.889856,-113.856036,2011,21.76,0.07,19.69
OBS-VIZ-10,Baja California Sur,VIZCAÍNO,57.43,27.926275,-113.805153,2011,41.87,0.07,19.69
OBS-VIZ-09,Baja California Sur,VIZCAÍNO,71.77,27.896689,-113.7322,2011,46.6,0.07,19.69
OBS-VIZ-01,Baja California Sur,VIZCAÍNO,53.87,27.571431,-113.522964,2011,23.24,0.07,20.51
M53,Baja California Sur,MULEGÉ,11.73,26.872842,-112.004714,2011,9.5,0.12,23.84
M41,Baja California Sur,MULEGÉ,10.2,26.884011,-112.004681,2011,6.38,0.12,23.84
M40,Baja California Sur,MULEGÉ,10.2,26.881111,-112.000772,2011,7.02,0.12,23.84
M38,Baja California Sur,MULEGÉ,9.43,26.880972,-111.997544,2011,6.32,0.12,23.84
M36,Baja California Sur,MULEGÉ,8.15,26.883069,-111.996125,2011,5.26,0.12,23.84
M34,Baja California Sur,MULEGÉ,14.34,26.882506,-112.019342,2011,10.38,0.12,23.84
M33,Baja California Sur,MULEGÉ,13.57,26.882172,-112.018047,2011,9.4,0.12,23.84
M30,Baja California Sur,MULEGÉ,13.32,26.884861,-112.017889,2011,10.17,0.12,23.84
M29,Baja California Sur,MULEGÉ,11.19,26.882417,-112.011717,2011,7.46,0.12,23.84
M28,Baja California Sur,MULEGÉ,11.05,26.885711,-112.011081,2011,10.98,0.12,23.84
M25,Baja California Sur,MULEGÉ,7.93,26.887783,-111.999022,2011,4.7,0.12,23.84
M23,Baja California Sur,MULEGÉ,2.9,26.895856,-111.960006,2011,2.67,0.12,23.84
M22,Baja California Sur,MULEGÉ,11.55,26.880192,-112.003406,2011,7.91,0.12,23.84
M21,Baja California Sur,MULEGÉ,10.98,26.878983,-112.003181,2011,7.49,0.12,23.84
M19,Baja California Sur,MULEGÉ,12.33,26.877719,-112.008428,2011,8.74,0.12,23.84
M18,Baja California Sur,MULEGÉ,13.38,26.878094,-112.014014,2011,9.59,0.12,23.84
M17,Baja California Sur,MULEGÉ,12.1,26.874858,-112.010222,2011,8.55,0.12,23.84
M16,Baja California Sur,MULEGÉ,14.77,26.8752,-112.020078,2011,11.67,0.12,23.84
M15,Baja California Sur,MULEGÉ,14.27,26.869947,-112.017556,2011,12.05,0.12,23.84
M12,Baja California Sur,MULEGÉ,17.77,26.870861,-112.029922,2011,13.64,0.12,23.84
M11,Baja California Sur,MULEGÉ,20.69,26.867908,-112.035803,2011,16.11,0.12,23.84
M09,Baja California Sur,MULEGÉ,23.25,26.862294,-112.040097,2011,18.75,0.12,23.84
M01,Baja California Sur,MULEGÉ,22.98,26.902014,-112.047656,2011,18.31,0.12,23.84
F_6,Baja California Sur,SANTO DOMINGO,28.95,25.253833,-111.925,2011,24.3,0.13,22.79
EL PALMAR,Baja California Sur,LA PAZ,194.0,23.932528,-110.259556,2011,23.67,0.28,24.62
El Cantil,Baja California Sur,SANTIAGO,95.3,23.4975,-109.706833,2011,9.5,0.26,24.34
CNA_SI_26,Baja California Sur,SAN IGNACIO,39.93,27.313489,-113.338842,2011,17.36,0.09,21.65
CNA_SI_24,Baja California Sur,SAN IGNACIO,43.42,27.331067,-113.334714,2011,27.5,0.09,21.65
CNA_SI_22,Baja California Sur,SAN IGNACIO,72.6,27.356592,-113.228275,2011,39.5,0.09,21.65
CNA_SI_09,Baja California Sur,SAN IGNACIO,179.87,27.326297,-112.762769,2011,48.88,0.14,22.51
CNA_SI_07,Baja California Sur,SAN IGNACIO,194.27,27.357575,-112.768544,2011,50.44,0.14,22.51
CNA_SI_06,Baja California Sur,SAN IGNACIO,198.88,27.354031,-112.763031,2011,64.67,0.14,22.51
CNA_SI_05,Baja California Sur,SAN IGNACIO,178.35,27.346264,-112.768661,2011,53.12,0.14,22.51
CNA-VIZ-08,Baja California Sur,VIZCAÍNO,4.62,27.917167,-113.963639,2011,3.93,0.07,19.69
CNA-SI-20,Baja California Sur,SAN IGNACIO,87.69,27.382339,-113.210964,2011,52.45,0.09,21.65
BUEN SUR,Baja California Sur,LA PAZ,198.0,23.929278,-110.255333,2011,20.04,0.28,24.62
BOLA DE FUEGO,Baja California Sur,LA PAZ,29.0,24.056667,-110.392222,2011,32.2,0.25,23.87
9,Baja California Sur,SANTO DOMINGO,36.64,25.379167,-111.769167,2011,53.21,0.13,22.79
80_30,Baja California Sur,SANTO DOMINGO,74.38,25.045333,-111.559667,2011,41.5,0.16,24.41
77_15,Baja California Sur,SANTO DOMINGO,61.79,25.249167,-111.63,2011,77.53,0.16,22.46
76_9B,Baja California Sur,SANTO DOMINGO,61.79,25.328833,-111.6305,2011,44.41,0.13,22.79
73_49_1,Baja California Sur,SANTO DOMINGO,14.16,24.7725,-111.67,2011,22.75,0.16,22.46
7,Baja California Sur,SANTO DOMINGO,20.87,25.408833,-111.888333,2011,28.0,0.13,22.79
59.1,Baja California Sur,SANTO DOMINGO,48.32,24.9145,-111.608333,2011,57.4,0.16,22.46
57_611_2,Baja California Sur,SANTO DOMINGO,33.86,24.920333,-111.683,2011,48.4,0.16,22.46
55_7,Baja California Sur,SANTO DOMINGO,31.26,24.949167,-111.730333,2011,50.0,0.16,22.46
54-12,Baja California Sur,SANTO DOMINGO,47.85,24.9775,-111.649167,2011,68.48,0.16,22.46
528,Baja California Sur,SANTO DOMINGO,12.15,25.5,-111.885333,2011,18.16,0.13,22.79
50.26,Baja California Sur,SANTO DOMINGO,60.34,24.963667,-111.587833,2011,62.24,0.16,22.46
48_AH_180_ROASA,Baja California Sur,SAN JOSÉ DEL CABO,40.76,23.146333,-109.691167,2011,8.98,0.21,24.28
48_08,Baja California Sur,SANTO DOMINGO,41.96,25.021167,-111.735833,2011,76.25,0.16,22.46
46_24,Baja California Sur,SANTO DOMINGO,36.65,25.0225,-111.785333,2011,54.9,0.16,22.46
44_75_76,Baja California Sur,SANTO DOMINGO,57.63,25.005833,-111.618333,2011,71.4,0.16,22.46
42_34,Baja California Sur,SANTO DOMINGO,54.33,25.077,-111.7,2011,61.9,0.16,22.46
42_06,Baja California Sur,SANTO DOMINGO,44.82,25.112833,-111.7275,2011,64.86,0.16,22.46
42975,Baja California Sur,SANTO DOMINGO,63.48,25.197167,-111.655833,2011,70.87,0.16,22.46
41_01,Baja California Sur,SANTO DOMINGO,36.78,25.072833,-111.775833,2011,53.24,0.16,22.46
419,Baja California Sur,LA PAZ,13.0,24.112417,-110.328147,2011,13.94,0.25,23.87
416,Baja California Sur,LA PAZ,45.0,24.1225,-110.299167,2011,42.6,0.28,24.62
415,Baja California Sur,LA PAZ,40.0,24.108333,-110.291667,2011,41.97,0.28,24.62
409,Baja California Sur,LA PAZ,66.0,24.018611,-110.400278,2011,71.25,0.25,23.87
408,Baja California Sur,LA PAZ,11.0,24.077778,-110.398889,2011,14.04,0.25,23.87
407,Baja California Sur,LA PAZ,18.0,24.075,-110.398611,2011,17.92,0.25,23.87
406,Baja California Sur,LA PAZ,14.0,24.089444,-110.408889,2011,15.42,0.25,23.87
405,Baja California Sur,LA PAZ,38.0,24.063056,-110.411111,2011,40.69,0.25,23.87
403,Baja California Sur,LA PAZ,33.0,24.038333,-110.37,2011,38.7,0.25,23.87
4,Baja California Sur,SANTO DOMINGO,12.64,25.4545,-111.9175,2011,20.15,0.13,22.79
39_2,Baja California Sur,SANTO DOMINGO,67.61,25.0625,-111.583833,2011,33.35,0.16,22.46
38_2,Baja California Sur,SANTO DOMINGO,53.27,25.075,-111.638333,2011,36.2,0.16,22.46
385,Baja California Sur,LA PAZ,17.0,24.085556,-110.408056,2011,17.58,0.25,23.87
384,Baja California Sur,LA PAZ,34.0,24.0825,-110.419167,2011,36.6,0.25,23.87
381-R,Baja California Sur,LA PAZ,39.0,24.069444,-110.413889,2011,40.52,0.25,23.87
380-R,Baja California Sur,LA PAZ,38.0,24.040833,-110.383889,2011,42.45,0.25,23.87
37_32,Baja California Sur,SANTO DOMINGO,69.22,25.1375,-111.579167,2011,39.77,0.16,22.46
379,Baja California Sur,LA PAZ,13.0,24.099167,-110.416944,2011,14.18,0.25,23.87
378-R,Baja California Sur,LA PAZ,25.0,24.053611,-110.372778,2011,30.58,0.25,23.87
36_TMI,Baja California Sur,SANTIAGO,11.29,23.586,-109.568333,2011,9.5,0.32,25.15
36_25,Baja California Sur,SANTO DOMINGO,53.64,25.123333,-111.670833,2011,50.4,0.16,22.46
368,Baja California Sur,LA PAZ,11.0,24.102222,-110.418333,2011,12.53,0.25,23.87
35_78,Baja California Sur,SANTO DOMINGO,38.39,25.1645,-111.7945,2011,69.05,0.16,22.46
35_21,Baja California Sur,SANTO DOMINGO,30.79,25.1055,-111.852,2011,39.6,0.16,22.46
35_14,Baja California Sur,SANTO DOMINGO,20.54,25.128,-111.902167,2011,27.8,0.16,22.46
34_14,Baja California Sur,SANTO DOMINGO,30.57,25.167,-111.861167,2011,51.4,0.16,22.46
33,Baja California Sur,SANTO DOMINGO,45.63,25.149667,-111.7455,2011,74.08,0.16,22.46
32_02,Baja California Sur,SANTO DOMINGO,16.31,25.128,-111.951167,2011,22.1,0.16,22.46
326,Baja California Sur,LA PAZ,20.0,24.082222,-110.407778,2011,21.57,0.25,23.87
253,Baja California Sur,LA PAZ,5.0,24.092222,-110.398611,2011,7.6,0.25,23.87
252,Baja California Sur,LA PAZ,10.0,24.089167,-110.380556,2011,10.27,0.25,23.87
25,Baja California Sur,SANTO DOMINGO,34.55,25.222,-111.8355,2011,58.6,0.16,22.46
243,Baja California Sur,LA PAZ,13.0,24.087222,-110.370556,2011,14.2,0.25,23.87
242-R,Baja California Sur,LA PAZ,13.0,24.085278,-110.373889,2011,14.49,0.25,23.87
228-A,Baja California Sur,LA PAZ,7.0,24.090833,-110.400278,2011,8.02,0.25,23.87
221,Baja California Sur,LA PAZ,15.0,24.076028,-110.377472,2011,17.38,0.25,23.87
217-R,Baja California Sur,LA PAZ,19.0,24.070278,-110.3975,2011,21.88,0.25,23.87
216,Baja California Sur,LA PAZ,32.0,24.0575,-110.398611,2011,35.0,0.25,23.87
20_16_17,Baja California Sur,SANTO DOMINGO,29.9,25.239667,-111.803667,2011,58.7,0.16,22.46
209,Baja California Sur,LA PAZ,38.0,24.027222,-110.368611,2011,44.4,0.25,23.87
208,Baja California Sur,LA PAZ,32.0,24.036389,-110.364167,2011,38.8,0.25,23.87
206,Baja California Sur,LA PAZ,33.0,24.034444,-110.356667,2011,41.16,0.25,23.87
205,Baja California Sur,LA PAZ,25.0,24.053611,-110.359167,2011,31.02,0.25,23.87
2,Baja California Sur,SAN JOSÉ DEL CABO,30.7,23.1145,-109.703167,2011,5.31,0.21,24.28
19_73,Baja California Sur,SANTO DOMINGO,49.63,25.240833,-111.688667,2011,64.49,0.16,22.46
19_25,Baja California Sur,SANTO DOMINGO,48.99,25.201333,-111.712,2011,73.5,0.16,22.46
19_20,Baja California Sur,SANTO DOMINGO,40.98,25.1995,-111.761333,2011,68.28,0.16,22.46
197-A,Baja California Sur,LA PAZ,9.0,24.098611,-110.352778,2011,11.32,0.25,23.87
191-R,Baja California Sur,LA PAZ,10.0,24.096389,-110.3525,2011,11.5,0.25,23.87
186_XIII,Baja California Sur,SAN JOSÉ DEL CABO,23.72,23.086333,-109.699,2011,3.92,0.21,24.28
182,Baja California Sur,LA PAZ,12.0,24.093611,-110.350556,2011,13.84,0.25,23.87
181-R,Baja California Sur,LA PAZ,17.0,24.073611,-110.348889,2011,21.41,0.25,23.87
172,Baja California Sur,LA PAZ,14.0,24.078611,-110.354444,2011,17.7,0.25,23.87
171-A,Baja California Sur,LA PAZ,13.0,24.088333,-110.350833,2011,15.96,0.25,23.87
167-R,Baja California Sur,LA PAZ,42.0,24.0489,-110.334369,2011,49.1,0.25,23.87
166,Baja California Sur,LA PAZ,50.0,24.0477,-110.32655,2011,62.84,0.25,23.87
164,Baja California Sur,LA PAZ,51.0,24.061136,-110.320028,2011,62.62,0.25,23.87
16,Baja California Sur,SANTO DOMINGO,24.8,25.304667,-111.828333,2011,50.0,0.13,22.79
157_TMI,Baja California Sur,SAN JOSÉ DEL CABO,83.3,23.214667,-109.686333,2011,16.42,0.33,25.09
153,Baja California Sur,LA PAZ,21.09,24.058889,-110.3475,2011,29.43,0.25,23.87
151,Baja California Sur,LA PAZ,38.0,24.055,-110.333056,2011,46.42,0.25,23.87
15,Baja California Sur,SANTO DOMINGO,52.1,25.347,-111.6795,2011,47.14,0.13,22.79
146,Baja California Sur,LA PAZ,16.0,24.081944,-110.343889,2011,20.8,0.25,23.87
143,Baja California Sur,LA PAZ,36.27,24.030556,-110.356111,2011,43.16,0.25,23.87
141,Baja California Sur,LA PAZ,27.0,24.085097,-110.332044,2011,30.6,0.25,23.87
140,Baja California Sur,LA PAZ,28.0,24.088483,-110.331106,2011,28.91,0.25,23.87
13_18A,Baja California Sur,SANTO DOMINGO,49.3,25.338333,-111.728,2011,66.6,0.13,22.79
138,Baja California Sur,LA PAZ,36.0,24.089228,-110.324194,2011,35.09,0.25,23.87
135-R,Baja California Sur,LA PAZ,18.0,24.108056,-110.325556,2011,16.85,0.25,23.87
134,Baja California Sur,LA PAZ,20.0,24.104028,-110.323978,2011,20.7,0.25,23.87
13-R,Baja California Sur,SAN JOSÉ DEL CABO,60.65,23.169,-109.682833,2011,13.17,0.33,25.09
129-B,Baja California Sur,LA PAZ,26.0,24.098483,-110.316931,2011,29.82,0.25,23.87
128,Baja California Sur,LA PAZ,36.0,24.089719,-110.312672,2011,40.85,0.25,23.87
122-R,Baja California Sur,LA PAZ,15.0,24.085389,-110.366992,2011,15.78,0.25,23.87
12,Baja California Sur,SANTO DOMINGO,27.75,25.358667,-111.836167,2011,47.16,0.13,22.79
111,Baja California Sur,SANTO DOMINGO,47.1,25.371333,-111.713833,2011,44.67,0.13,22.79
109 ROASA,Baja California Sur,SANTIAGO,30.81,23.581333,-109.6155,2011,12.6,0.32,25.15
10,Baja California Sur,SAN JOSÉ DEL CABO,85.73,23.178667,-109.7405,2011,25.24,0.21,24.28
S/N_4,Baja California Sur,LA PAZ,42.0,24.025833,-110.3825,2012,47.43,0.95,23.82
S/N_3,Baja California Sur,LA PAZ,51.0,24.024167,-110.389444,2012,54.68,0.95,23.82
S/N_2,Baja California Sur,LA PAZ,38.0,24.028611,-110.373333,2012,43.45,0.95,23.82
S/N_1,Baja California Sur,LA PAZ,8.0,24.091944,-110.402222,2012,8.1,0.95,23.82
OBS.-VIZ-11,Baja California Sur,VIZCAÍNO,54.62,27.911656,-113.793519,2012,38.73,0.29,20.61
OBS-VIZ-54,Baja California Sur,VIZCAÍNO,71.7,27.648194,-113.473222,2012,37.3,0.28,21.44
OBS-VIZ-53,Baja California Sur,VIZCAÍNO,77.01,27.673,-113.470222,2012,41.69,0.28,21.44
OBS-VIZ-51,Baja California Sur,VIZCAÍNO,74.69,27.470306,-113.298167,2012,44.51,0.31,22.27
OBS-VIZ-50,Baja California Sur,VIZCAÍNO,75.71,27.512889,-113.323056,2012,44.88,0.31,22.27
OBS-VIZ-49,Baja California Sur,VIZCAÍNO,62.57,27.541056,-113.377861,2012,31.93,0.31,22.27
OBS-VIZ-48,Baja California Sur,VIZCAÍNO,58.05,27.530067,-113.393139,2012,27.49,0.31,22.27
OBS-VIZ-47,Baja California Sur,VIZCAÍNO,115.62,27.798608,-113.3729,2012,52.88,0.29,22.11
OBS-VIZ-46,Baja California Sur,VIZCAÍNO,117.53,27.785667,-113.36075,2012,44.87,0.29,22.11
OBS-VIZ-45,Baja California Sur,VIZCAÍNO,117.98,27.779247,-113.328153,2012,40.64,0.29,22.11
OBS-VIZ-43,Baja California Sur,VIZCAÍNO,146.67,27.831994,-113.266525,2012,38.02,0.29,22.11
OBS-VIZ-37,Baja California Sur,VIZCAÍNO,44.01,27.879925,-113.802867,2012,31.84,0.29,20.61
OBS-VIZ-35,Baja California Sur,VIZCAÍNO,68.64,27.599947,-113.384239,2012,28.62,0.31,22.27
OBS-VIZ-34,Baja California Sur,VIZCAÍNO,52.99,27.572375,-113.534375,2012,22.11,0.28,21.44
OBS-VIZ-31,Baja California Sur,VIZCAÍNO,31.98,27.615636,-113.6673,2012,13.83,0.28,21.44
OBS-VIZ-30,Baja California Sur,VIZCAÍNO,145.68,27.840139,-113.299111,2012,40.12,0.29,22.11
OBS-VIZ-28,Baja California Sur,VIZCAÍNO,79.16,27.667597,-113.468389,2012,42.01,0.28,21.44
OBS-VIZ-27,Baja California Sur,VIZCAÍNO,77.25,27.531556,-113.326278,2012,45.27,0.31,22.27
OBS-VIZ-26,Baja California Sur,VIZCAÍNO,76.16,27.471083,-113.28975,2012,44.13,0.31,22.27
OBS-VIZ-25,Baja California Sur,VIZCAÍNO,63.15,27.510778,-113.382389,2012,29.08,0.31,22.27
OBS-VIZ-24,Baja California Sur,VIZCAÍNO,62.48,27.535861,-113.382639,2012,31.09,0.31,22.27
OBS-VIZ-23,Baja California Sur,VIZCAÍNO,58.67,27.530194,-113.374694,2012,32.33,0.31,22.27
OBS-VIZ-22,Baja California Sur,VIZCAÍNO,58.26,27.527611,-113.394111,2012,28.62,0.31,22.27
OBS-VIZ-21,Baja California Sur,VIZCAÍNO,17.93,27.619825,-113.757294,2012,6.8,0.28,21.44
OBS-VIZ-16B,Baja California Sur,VIZCAÍNO,46.0,27.886117,-113.798961,2012,32.75,0.29,20.61
OBS-VIZ-14,Baja California Sur,VIZCAÍNO,84.27,27.753542,-113.476833,2012,44.1,0.29,20.61
OBS-VIZ-13,Baja California Sur,VIZCAÍNO,75.63,27.760631,-113.531753,2012,35.86,0.29,20.61
OBS-VIZ-12,Baja California Sur,VIZCAÍNO,29.06,27.889856,-113.856036,2012,21.87,0.29,20.61
OBS-VIZ-10,Baja California Sur,VIZCAÍNO,57.43,27.926275,-113.805153,2012,41.37,0.29,20.61
OBS-VIZ-09,Baja California Sur,VIZCAÍNO,71.77,27.896689,-113.7322,2012,46.77,0.29,20.61
OBS-VIZ-02,Baja California Sur,VIZCAÍNO,45.46,27.561136,-113.576836,2012,15.39,0.28,21.44
OBS-VIZ-01,Baja California Sur,VIZCAÍNO,53.87,27.571431,-113.522964,2012,21.73,0.28,21.44
M53,Baja California Sur,MULEGÉ,11.73,26.872842,-112.004714,2012,8.85,0.52,24.32
M5-M35,Baja California Sur,MULEGÉ,16.34,26.880128,-112.027167,2012,12.43,0.52,24.32
M42,Baja California Sur,MULEGÉ,40.0,26.846097,-112.046803,2012,34.62,0.52,24.32
M41,Baja California Sur,MULEGÉ,10.2,26.884011,-112.004681,2012,6.72,0.52,24.32
M40,Baja California Sur,MULEGÉ,10.2,26.881111,-112.000772,2012,6.93,0.52,24.32
M38,Baja California Sur,MULEGÉ,9.43,26.880972,-111.997544,2012,6.52,0.52,24.32
M36,Baja California Sur,MULEGÉ,8.15,26.883069,-111.996125,2012,5.26,0.52,24.32
M34,Baja California Sur,MULEGÉ,14.34,26.882506,-112.019342,2012,10.28,0.52,24.32
M33,Baja California Sur,MULEGÉ,13.57,26.882172,-112.018047,2012,9.5,0.52,24.32
M30,Baja California Sur,MULEGÉ,13.32,26.884861,-112.017889,2012,9.37,0.52,24.32
M29,Baja California Sur,MULEGÉ,11.19,26.882417,-112.011717,2012,6.38,0.52,24.32
M28,Baja California Sur,MULEGÉ,11.05,26.885711,-112.011081,2012,7.38,0.52,24.32
M25,Baja California Sur,MULEGÉ,7.93,26.887783,-111.999022,2012,4.77,0.52,24.32
M23,Baja California Sur,MULEGÉ,2.9,26.895856,-111.960006,2012,2.9,0.52,24.32
M21,Baja California Sur,MULEGÉ,10.98,26.878983,-112.003181,2012,8.51,0.52,24.32
M18,Baja California Sur,MULEGÉ,13.38,26.878094,-112.014014,2012,9.95,0.52,24.32
M17,Baja California Sur,MULEGÉ,12.1,26.874858,-112.010222,2012,8.45,0.52,24.32
M16,Baja California Sur,MULEGÉ,14.77,26.8752,-112.020078,2012,10.81,0.52,24.32
M15,Baja California Sur,MULEGÉ,14.27,26.869947,-112.017556,2012,10.33,0.52,24.32
M14,Baja California Sur,MULEGÉ,14.48,26.871014,-112.018847,2012,10.77,0.52,24.32
M13,Baja California Sur,MULEGÉ,16.24,26.869197,-112.024425,2012,12.06,0.52,24.32
M12,Baja California Sur,MULEGÉ,17.77,26.870861,-112.029922,2012,13.62,0.52,24.32
M11,Baja California Sur,MULEGÉ,20.69,26.867908,-112.035803,2012,16.22,0.52,24.32
M09,Baja California Sur,MULEGÉ,23.25,26.862294,-112.040097,2012,18.67,0.52,24.32
M08,Baja California Sur,MULEGÉ,34.0,26.856583,-112.05325,2012,26.46,0.52,24.32
M01,Baja California Sur,MULEGÉ,22.98,26.902014,-112.047656,2012,18.5,0.52,24.32
La Laguna 1,Baja California Sur,SANTIAGO,114.6,23.4755,-109.714167,2012,7.91,1.0,24.24
La Cienega,Baja California Sur,SANTIAGO,77.74,23.536833,-109.679167,2012,14.2,0.91,25.22
F_6,Baja California Sur,SANTO DOMINGO,28.95,25.253833,-111.925,2012,24.9,1.15,22.74
EL PALMAR,Baja California Sur,LA PAZ,194.0,23.932528,-110.259556,2012,24.57,0.88,24.64
El Cantil,Baja California Sur,SANTIAGO,95.3,23.4975,-109.706833,2012,10.86,1.0,24.24
CNA-VIZ-08,Baja California Sur,VIZCAÍNO,4.62,27.917167,-113.963639,2012,3.96,0.29,20.61
BUEN SUR,Baja California Sur,LA PAZ,198.0,23.929278,-110.255333,2012,20.18,0.88,24.64
BOLA DE FUEGO,Baja California Sur,LA PAZ,29.0,24.056667,-110.392222,2012,32.22,0.95,23.82
80_30,Baja California Sur,SANTO DOMINGO,74.38,25.045333,-111.559667,2012,42.28,1.17,23.98
77_15,Baja California Sur,SANTO DOMINGO,61.79,25.249167,-111.63,2012,78.5,1.2,22.56
76_9B,Baja California Sur,SANTO DOMINGO,61.79,25.328833,-111.6305,2012,44.85,1.15,22.74
73_49_1,Baja California Sur,SANTO DOMINGO,14.16,24.7725,-111.67,2012,23.1,1.2,22.56
7,Baja California Sur,SANTO DOMINGO,20.87,25.408833,-111.888333,2012,38.25,1.15,22.74
59.1,Baja California Sur,SANTO DOMINGO,48.32,24.9145,-111.608333,2012,64.3,1.2,22.56
57_611_2,Baja California Sur,SANTO DOMINGO,33.86,24.920333,-111.683,2012,48.4,1.2,22.56
55_7,Baja California Sur,SANTO DOMINGO,31.26,24.949167,-111.730333,2012,44.47,1.2,22.56
54-12,Baja California Sur,SANTO DOMINGO,47.85,24.9775,-111.649167,2012,69.44,1.2,22.56
528,Baja California Sur,SANTO DOMINGO,12.15,25.5,-111.885333,2012,19.0,1.15,22.74
50.26,Baja California Sur,SANTO DOMINGO,60.34,24.963667,-111.587833,2012,62.85,1.2,22.56
48_AH_180_ROASA,Baja California Sur,SAN JOSÉ DEL CABO,40.76,23.146333,-109.691167,2012,11.22,1.03,24.31
46_24,Baja California Sur,SANTO DOMINGO,36.65,25.0225,-111.785333,2012,54.92,1.2,22.56
42_34,Baja California Sur,SANTO DOMINGO,54.33,25.077,-111.7,2012,62.8,1.2,22.56
42_06,Baja California Sur,SANTO DOMINGO,44.82,25.112833,-111.7275,2012,67.78,1.2,22.56
42975,Baja California Sur,SANTO DOMINGO,63.48,25.197167,-111.655833,2012,70.0,1.2,22.56
41_01,Baja California Sur,SANTO DOMINGO,36.78,25.072833,-111.775833,2012,54.58,1.2,22.56
419,Baja California Sur,LA PAZ,13.0,24.112417,-110.328147,2012,12.2,0.95,23.82
416,Baja California Sur,LA PAZ,45.0,24.1225,-110.299167,2012,43.45,0.88,24.64
409,Baja California Sur,LA PAZ,66.0,24.018611,-110.400278,2012,71.71,0.95,23.82
408,Baja California Sur,LA PAZ,11.0,24.077778,-110.398889,2012,14.07,0.95,23.82
406,Baja California Sur,LA PAZ,14.0,24.089444,-110.408889,2012,15.04,0.95,23.82
405,Baja California Sur,LA PAZ,38.0,24.063056,-110.411111,2012,40.9,0.95,23.82
403,Baja California Sur,LA PAZ,33.0,24.038333,-110.37,2012,38.3,0.95,23.82
4,Baja California Sur,SANTO DOMINGO,12.64,25.4545,-111.9175,2012,21.24,1.15,22.74
39_2,Baja California Sur,SANTO DOMINGO,67.61,25.0625,-111.583833,2012,33.21,1.2,22.56
391,Baja California Sur,LA PAZ,30.0,24.053056,-110.383611,2012,31.4,0.95,23.82
38_2,Baja California Sur,SANTO DOMINGO,53.27,25.075,-111.638333,2012,36.4,1.2,22.56
385,Baja California Sur,LA PAZ,17.0,24.085556,-110.408056,2012,17.15,0.95,23.82
384,Baja California Sur,LA PAZ,34.0,24.0825,-110.419167,2012,36.45,0.95,23.82
381-R,Baja California Sur,LA PAZ,39.0,24.069444,-110.413889,2012,40.69,0.95,23.82
380-R,Baja California Sur,LA PAZ,38.0,24.040833,-110.383889,2012,42.3,0.95,23.82
37_32,Baja California Sur,SANTO DOMINGO,69.22,25.1375,-111.579167,2012,39.0,1.2,22.56
379,Baja California Sur,LA PAZ,13.0,24.099167,-110.416944,2012,14.32,0.95,23.82
378-R,Baja California Sur,LA PAZ,25.0,24.053611,-110.372778,2012,30.0,0.95,23.82
36_TMI,Baja California Sur,SANTIAGO,11.29,23.586,-109.568333,2012,9.19,0.91,25.22
36_25,Baja California Sur,SANTO DOMINGO,53.64,25.123333,-111.670833,2012,50.7,1.2,22.56
368,Baja California Sur,LA PAZ,11.0,24.102222,-110.418333,2012,12.15,0.95,23.82
35_78,Baja California Sur,SANTO DOMINGO,38.39,25.1645,-111.7945,2012,71.1,1.2,22.56
35_21,Baja California Sur,SANTO DOMINGO,30.79,25.1055,-111.852,2012,41.0,1.2,22.56
35_14,Baja California Sur,SANTO DOMINGO,20.54,25.128,-111.902167,2012,30.0,1.2,22.56
34_14,Baja California Sur,SANTO DOMINGO,30.57,25.167,-111.861167,2012,51.9,1.2,22.56
33,Baja California Sur,SANTO DOMINGO,45.63,25.149667,-111.7455,2012,74.45,1.2,22.56
32_TMI,Baja California Sur,SANTIAGO,16.32,23.595833,-109.605,2012,3.51,0.91,25.22
32_02,Baja California Sur,SANTO DOMINGO,16.31,25.128,-111.951167,2012,22.0,1.2,22.56
326,Baja California Sur,LA PAZ,20.0,24.082222,-110.407778,2012,21.34,0.95,23.82
253,Baja California Sur,LA PAZ,5.0,24.092222,-110.398611,2012,6.44,0.95,23.82
252,Baja California Sur,LA PAZ,10.0,24.089167,-110.380556,2012,10.5,0.95,23.82
25,Baja California Sur,SANTO DOMINGO,34.55,25.222,-111.8355,2012,58.8,1.2,22.56
248-R,Baja California Sur,LA PAZ,30.0,24.044722,-110.3575,2012,31.69,0.95,23.82
243,Baja California Sur,LA PAZ,13.0,24.087222,-110.370556,2012,13.62,0.95,23.82
242-R,Baja California Sur,LA PAZ,13.0,24.085278,-110.373889,2012,13.6,0.95,23.82
228-A,Baja California Sur,LA PAZ,7.0,24.090833,-110.400278,2012,7.47,0.95,23.82
216,Baja California Sur,LA PAZ,32.0,24.0575,-110.398611,2012,35.55,0.95,23.82
211,Baja California Sur,LA PAZ,22.0,24.068333,-110.370278,2012,25.33,0.95,23.82
20_16_17,Baja California Sur,SANTO DOMINGO,29.9,25.239667,-111.803667,2012,66.7,1.2,22.56
209,Baja California Sur,LA PAZ,38.0,24.027222,-110.368611,2012,44.61,0.95,23.82
208,Baja California Sur,LA PAZ,32.0,24.036389,-110.364167,2012,38.74,0.95,23.82
206,Baja California Sur,LA PAZ,33.0,24.034444,-110.356667,2012,40.83,0.95,23.82
205,Baja California Sur,LA PAZ,25.0,24.053611,-110.359167,2012,31.2,0.95,23.82
19_73,Baja California Sur,SANTO DOMINGO,49.63,25.240833,-111.688667,2012,69.89,1.2,22.56
19_25,Baja California Sur,SANTO DOMINGO,48.99,25.201333,-111.712,2012,74.3,1.2,22.56
19_20,Baja California Sur,SANTO DOMINGO,40.98,25.1995,-111.761333,2012,69.3,1.2,22.56
197-A,Baja California Sur,LA PAZ,9.0,24.098611,-110.352778,2012,11.47,0.95,23.82
191-R,Baja California Sur,LA PAZ,10.0,24.096389,-110.3525,2012,11.88,0.95,23.82
182,Baja California Sur,LA PAZ,12.0,24.093611,-110.350556,2012,13.96,0.95,23.82
181-R,Baja California Sur,LA PAZ,17.0,24.073611,-110.348889,2012,22.25,0.95,23.82
172,Baja California Sur,LA PAZ,14.0,24.078611,-110.354444,2012,18.27,0.95,23.82
171-A,Baja California Sur,LA PAZ,13.0,24.088333,-110.350833,2012,16.38,0.95,23.82
167-R,Baja California Sur,LA PAZ,42.0,24.0489,-110.334369,2012,49.42,0.95,23.82
166,Baja California Sur,LA PAZ,50.0,24.0477,-110.32655,2012,61.27,0.95,23.82
16,Baja California Sur,SANTO DOMINGO,24.8,25.304667,-111.828333,2012,52.0,1.15,22.74
157_TMI,Baja California Sur,SAN JOSÉ DEL CABO,83.3,23.214667,-109.686333,2012,16.65,0.88,25.11
152,Baja California Sur,LA PAZ,25.0,24.057222,-110.343333,2012,32.68,0.95,23.82
151,Baja California Sur,LA PAZ,38.0,24.055,-110.333056,2012,46.72,0.95,23.82
15,Baja California Sur,SANTO DOMINGO,52.1,25.347,-111.6795,2012,46.76,1.15,22.74
143,Baja California Sur,LA PAZ,36.27,24.030556,-110.356111,2012,43.44,0.95,23.82
142,Baja California Sur,LA PAZ,29.83,24.084519,-110.325344,2012,36.71,0.95,23.82
141,Baja California Sur,LA PAZ,27.0,24.085097,-110.332044,2012,29.28,0.95,23.82
13_18A,Baja California Sur,SANTO DOMINGO,49.3,25.338333,-111.728,2012,65.0,1.15,22.74
138,Baja California Sur,LA PAZ,36.0,24.089228,-110.324194,2012,40.94,0.95,23.82
135-R,Baja California Sur,LA PAZ,18.0,24.108056,-110.325556,2012,17.2,0.95,23.82
134,Baja California Sur,LA PAZ,20.0,24.104028,-110.323978,2012,23.92,0.95,23.82
129-B,Baja California Sur,LA PAZ,26.0,24.098483,-110.316931,2012,31.95,0.95,23.82
128,Baja California Sur,LA PAZ,36.0,24.089719,-110.312672,2012,41.26,0.95,23.82
122-R,Baja California Sur,LA PAZ,15.0,24.085389,-110.366992,2012,15.68,0.95,23.82
12,Baja California Sur,SANTO DOMINGO,27.75,25.358667,-111.836167,2012,47.0,1.15,22.74
111,Baja California Sur,SANTO DOMINGO,47.1,25.371333,-111.713833,2012,45.0,1.15,22.74
109 ROASA,Baja California Sur,SANTIAGO,30.81,23.581333,-109.6155,2012,12.83,0.91,25.22
10,Baja California Sur,SAN JOSÉ DEL CABO,85.73,23.178667,-109.7405,2012,26.54,1.03,24.31
SMV17,Baja California Sur,SAN MARCOS-PALO VERDE,9.0,27.056206,-112.048539,2013,7.79,0.57,24.13
SMV16,Baja California Sur,SAN MARCOS-PALO VERDE,7.24,27.052639,-112.04625,2013,6.26,0.57,24.13
SMV11,Baja California Sur,SAN MARCOS-PALO VERDE,9.17,27.017486,-112.044808,2013,8.27,0.57,24.13
SMV10,Baja California Sur,SAN MARCOS-PALO VERDE,13.0,27.022167,-112.0515,2013,11.97,0.57,24.13
SMV09,Baja California Sur,SAN MARCOS-PALO VERDE,17.31,27.027711,-112.060456,2013,16.14,0.57,24.13
SMV03,Baja California Sur,SAN MARCOS-PALO VERDE,10.6,27.108953,-112.071928,2013,9.98,0.57,24.13
SMV02,Baja California Sur,SAN MARCOS-PALO VERDE,10.14,27.113825,-112.070461,2013,10.52,0.57,24.13
SL12,Baja California Sur,SAN LUCAS,8.0,27.220408,-112.219789,2013,5.29,0.44,21.96
SL10,Baja California Sur,SAN LUCAS,3.92,27.222972,-112.219081,2013,3.29,0.44,21.96
SL09,Baja California Sur,SAN LUCAS,5.36,27.222019,-112.219158,2013,5.3,0.44,21.96
SL07,Baja California Sur,SAN LUCAS,6.12,27.228056,-112.219667,2013,5.95,0.44,21.96
SL04,Baja California Sur,SAN LUCAS,5.21,27.219856,-112.223561,2013,4.66,0.44,21.96
SL01,Baja California Sur,SAN LUCAS,6.54,27.220806,-112.224744,2013,6.07,0.44,21.96
SB20,Baja California Sur,SAN BRUNO,11.57,27.153136,-112.164886,2013,11.16,0.57,24.13
SB18,Baja California Sur,SAN BRUNO,5.52,27.160481,-112.165217,2013,5.15,0.57,24.13
SB17,Baja California Sur,SAN BRUNO,5.18,27.162019,-112.167039,2013,4.59,0.57,24.13
SB15,Baja California Sur,SAN BRUNO,9.0,27.164378,-112.167806,2013,5.32,0.57,24.13
SB09,Baja California Sur,SAN BRUNO,9.11,27.153389,-112.143008,2013,6.04,0.57,24.13
SB08,Baja California Sur,SAN BRUNO,6.0,27.1579,-112.146847,2013,5.4,0.57,24.13
SB06,Baja California Sur,SAN BRUNO,15.49,27.152903,-112.154133,2013,10.14,0.57,24.13
SB04,Baja California Sur,SAN BRUNO,9.0,27.159536,-112.157281,2013,3.73,0.57,24.13
SB02,Baja California Sur,SAN BRUNO,8.72,27.155819,-112.161417,2013,8.15,0.57,24.13
SAPA No.4 R,Baja California Sur,LA PAZ,76.0,23.994167,-110.332778,2013,79.46,0.52,23.79
Sapa No.21,Baja California Sur,LA PAZ,82.0,24.021667,-110.3175,2013,104.71,0.52,23.79
SAPA La Paz (San Pedro),Baja California Sur,LA PAZ,190.0,23.929722,-110.263889,2013,34.47,0.63,24.66
S/N_4,Baja California Sur,LA PAZ,42.0,24.025833,-110.3825,2013,46.87,0.52,23.79
S/N_3,Baja California Sur,LA PAZ,51.0,24.024167,-110.389444,2013,54.3,0.52,23.79
S/N_2,Baja California Sur,LA PAZ,38.0,24.028611,-110.373333,2013,42.02,0.52,23.79
S/N_1,Baja California Sur,LA PAZ,8.0,24.091944,-110.402222,2013,7.63,0.52,23.79
Patricio Suarez A.,Baja California Sur,LA PAZ,215.0,23.93494,-110.24303,2013,17.2,0.63,24.66
MANUEL VELÁZQUEZ,Baja California Sur,SAN BRUNO,11.25,27.152,-112.163,2013,10.5,0.57,24.13
M53,Baja California Sur,MULEGÉ,11.73,26.872842,-112.004714,2013,5.79,0.57,24.13
M5-M35,Baja California Sur,MULEGÉ,16.34,26.880128,-112.027167,2013,12.09,0.57,24.13
M42,Baja California Sur,MULEGÉ,40.0,26.846097,-112.046803,2013,34.1,0.57,24.13
M41,Baja California Sur,MULEGÉ,10.2,26.884011,-112.004681,2013,6.78,0.57,24.13
M40,Baja California Sur,MULEGÉ,10.2,26.881111,-112.000772,2013,6.66,0.57,24.13
M38,Baja California Sur,MULEGÉ,9.43,26.880972,-111.997544,2013,6.41,0.57,24.13
M36,Baja California Sur,MULEGÉ,8.15,26.883069,-111.996125,2013,5.21,0.57,24.13
M34,Baja California Sur,MULEGÉ,14.34,26.882506,-112.019342,2013,10.05,0.57,24.13
M33,Baja California Sur,MULEGÉ,13.57,26.882172,-112.018047,2013,9.32,0.57,24.13
M30,Baja California Sur,MULEGÉ,13.32,26.884861,-112.017889,2013,9.01,0.57,24.13
M29,Baja California Sur,MULEGÉ,11.19,26.882417,-112.011717,2013,7.11,0.57,24.13
M28,Baja California Sur,MULEGÉ,11.05,26.885711,-112.011081,2013,7.2,0.57,24.13
M25,Baja California Sur,MULEGÉ,7.93,26.887783,-111.999022,2013,4.79,0.57,24.13
M23,Baja California Sur,MULEGÉ,2.9,26.895856,-111.960006,2013,2.95,0.57,24.13
M22,Baja California Sur,MULEGÉ,11.55,26.880192,-112.003406,2013,7.87,0.57,24.13
M21,Baja California Sur,MULEGÉ,10.98,26.878983,-112.003181,2013,7.4,0.57,24.13
M19,Baja California Sur,MULEGÉ,12.33,26.877719,-112.008428,2013,6.04,0.57,24.13
M18,Baja California Sur,MULEGÉ,13.38,26.878094,-112.014014,2013,9.86,0.57,24.13
M17,Baja California Sur,MULEGÉ,12.1,26.874858,-112.010222,2013,8.3,0.57,24.13
M16,Baja California Sur,MULEGÉ,14.77,26.8752,-112.020078,2013,10.28,0.57,24.13
M15,Baja California Sur,MULEGÉ,14.27,26.869947,-112.017556,2013,10.43,0.57,24.13
M14,Baja California Sur,MULEGÉ,14.48,26.871014,-112.018847,2013,10.11,0.57,24.13
M13,Baja California Sur,MULEGÉ,16.24,26.869197,-112.024425,2013,11.93,0.57,24.13
M12,Baja California Sur,MULEGÉ,17.77,26.870861,-112.029922,2013,13.75,0.57,24.13
M11,Baja California Sur,MULEGÉ,20.69,26.867908,-112.035803,2013,15.84,0.57,24.13
M10,Baja California Sur,MULEGÉ,19.59,26.862883,-112.032206,2013,14.94,0.57,24.13
M09,Baja California Sur,MULEGÉ,23.25,26.862294,-112.040097,2013,18.32,0.57,24.13
M08,Baja California Sur,MULEGÉ,34.0,26.856583,-112.05325,2013,26.02,0.57,24.13
M01,Baja California Sur,MULEGÉ,22.98,26.902014,-112.047656,2013,18.3,0.57,24.13
La Laguna 1,Baja California Sur,SANTIAGO,114.6,23.4755,-109.714167,2013,4.89,0.65,24.19
La Cienega,Baja California Sur,SANTIAGO,77.74,23.536833,-109.679167,2013,6.48,0.92,25.21
Gilberto Chávez A.,Baja California Sur,LA PAZ,194.0,23.934222,-110.261194,2013,18.5,0.63,24.66
F_6,Baja California Sur,SANTO DOMINGO,28.95,25.253833,-111.925,2013,25.0,0.5,22.6
EL PALMAR,Baja California Sur,LA PAZ,194.0,23.932528,-110.259556,2013,20.9,0.63,24.66
El Cantil,Baja California Sur,SANTIAGO,95.3,23.4975,-109.706833,2013,19.1,0.65,24.19
BUEN SUR,Baja California Sur,LA PAZ,198.0,23.929278,-110.255333,2013,18.7,0.63,24.66
BOLA DE FUEGO,Baja California Sur,LA PAZ,29.0,24.056667,-110.392222,2013,31.49,0.52,23.79
9,Baja California Sur,SANTO DOMINGO,36.64,25.379167,-111.769167,2013,54.5,0.5,22.6
80_30,Baja California Sur,SANTO DOMINGO,74.38,25.045333,-111.559667,2013,41.93,0.49,24.02
77_15,Baja California Sur,SANTO DOMINGO,61.79,25.249167,-111.63,2013,77.0,0.49,22.48
76_9B,Baja California Sur,SANTO DOMINGO,61.79,25.328833,-111.6305,2013,44.72,0.5,22.6
73_49_1,Baja California Sur,SANTO DOMINGO,14.16,24.7725,-111.67,2013,22.05,0.49,22.48
7,Baja California Sur,SANTO DOMINGO,20.87,25.408833,-111.888333,2013,28.4,0.5,22.6
59.1,Baja California Sur,SANTO DOMINGO,48.32,24.9145,-111.608333,2013,50.55,0.49,22.48
57_611_2,Baja California Sur,SANTO DOMINGO,33.86,24.920333,-111.683,2013,48.53,0.49,22.48
56_1,Baja California Sur,SANTO DOMINGO,38.8,24.97,-111.7,2013,69.14,0.49,22.48
55_7,Baja California Sur,SANTO DOMINGO,31.26,24.949167,-111.730333,2013,50.73,0.49,22.48
54-12,Baja California Sur,SANTO DOMINGO,47.85,24.9775,-111.649167,2013,73.82,0.49,22.48
528,Baja California Sur,SANTO DOMINGO,12.15,25.5,-111.885333,2013,18.2,0.5,22.6
48_AH_180_ROASA,Baja California Sur,SAN JOSÉ DEL CABO,40.76,23.146333,-109.691167,2013,8.5,0.67,24.27
47 TMI_PBPI,Baja California Sur,SANTIAGO,61.6,23.541333,-109.664167,2013,18.68,0.92,25.21
46_24,Baja California Sur,SANTO DOMINGO,36.65,25.0225,-111.785333,2013,58.76,0.49,22.48
42_34,Baja California Sur,SANTO DOMINGO,54.33,25.077,-111.7,2013,62.47,0.49,22.48
42_06,Baja California Sur,SANTO DOMINGO,44.82,25.112833,-111.7275,2013,61.42,0.49,22.48
42975,Baja California Sur,SANTO DOMINGO,63.48,25.197167,-111.655833,2013,72.0,0.49,22.48
41_01,Baja California Sur,SANTO DOMINGO,36.78,25.072833,-111.775833,2013,53.98,0.49,22.48
419,Baja California Sur,LA PAZ,13.0,24.112417,-110.328147,2013,12.8,0.52,23.79
416,Baja California Sur,LA PAZ,45.0,24.1225,-110.299167,2013,45.0,0.63,24.66
415,Baja California Sur,LA PAZ,40.0,24.108333,-110.291667,2013,43.1,0.63,24.66
40_04,Baja California Sur,SANTO DOMINGO,34.71,25.062833,-111.802167,2013,54.6,0.49,22.48
408,Baja California Sur,LA PAZ,11.0,24.077778,-110.398889,2013,13.3,0.52,23.79
407,Baja California Sur,LA PAZ,18.0,24.075,-110.398611,2013,17.16,0.52,23.79
406,Baja California Sur,LA PAZ,14.0,24.089444,-110.408889,2013,14.4,0.52,23.79
405,Baja California Sur,LA PAZ,38.0,24.063056,-110.411111,2013,40.2,0.52,23.79
403,Baja California Sur,LA PAZ,33.0,24.038333,-110.37,2013,37.4,0.52,23.79
400,Baja California Sur,LA PAZ,55.0,24.015556,-110.390278,2013,61.89,0.52,23.79
4,Baja California Sur,SANTO DOMINGO,12.64,25.4545,-111.9175,2013,20.4,0.5,22.6
39_2,Baja California Sur,SANTO DOMINGO,67.61,25.0625,-111.583833,2013,34.01,0.49,22.48
38_2,Baja California Sur,SANTO DOMINGO,53.27,25.075,-111.638333,2013,37.97,0.49,22.48
385,Baja California Sur,LA PAZ,17.0,24.085556,-110.408056,2013,16.64,0.52,23.79
384,Baja California Sur,LA PAZ,34.0,24.0825,-110.419167,2013,35.79,0.52,23.79
381-R,Baja California Sur,LA PAZ,39.0,24.069444,-110.413889,2013,40.05,0.52,23.79
380-R,Baja California Sur,LA PAZ,38.0,24.040833,-110.383889,2013,41.65,0.52,23.79
37_32,Baja California Sur,SANTO DOMINGO,69.22,25.1375,-111.579167,2013,51.0,0.49,22.48
379,Baja California Sur,LA PAZ,13.0,24.099167,-110.416944,2013,13.7,0.52,23.79
378-R,Baja California Sur,LA PAZ,25.0,24.053611,-110.372778,2013,29.17,0.52,23.79
36_TMI,Baja California Sur,SANTIAGO,11.29,23.586,-109.568333,2013,9.53,0.92,25.21
36_25,Baja California Sur,SANTO DOMINGO,53.64,25.123333,-111.670833,2013,51.86,0.49,22.48
368,Baja California Sur,LA PAZ,11.0,24.102222,-110.418333,2013,12.72,0.52,23.79
35_78,Baja California Sur,SANTO DOMINGO,38.39,25.1645,-111.7945,2013,68.95,0.49,22.48
35_21,Baja California Sur,SANTO DOMINGO,30.79,25.1055,-111.852,2013,40.5,0.49,22.48
35_14,Baja California Sur,SANTO DOMINGO,20.54,25.128,-111.902167,2013,36.0,0.49,22.48
34_14,Baja California Sur,SANTO DOMINGO,30.57,25.167,-111.861167,2013,42.6,0.49,22.48
33,Baja California Sur,SANTO DOMINGO,45.63,25.149667,-111.7455,2013,75.12,0.49,22.48
32_TMI,Baja California Sur,SANTIAGO,16.32,23.595833,-109.605,2013,11.79,0.92,25.21
32_02,Baja California Sur,SANTO DOMINGO,16.31,25.128,-111.951167,2013,21.9,0.49,22.48
326,Baja California Sur,LA PAZ,20.0,24.082222,-110.407778,2013,20.54,0.52,23.79
253,Baja California Sur,LA PAZ,5.0,24.092222,-110.398611,2013,6.48,0.52,23.79
252,Baja California Sur,LA PAZ,10.0,24.089167,-110.380556,2013,10.24,0.52,23.79
25,Baja California Sur,SANTO DOMINGO,34.55,25.222,-111.8355,2013,73.8,0.49,22.48
243,Baja California Sur,LA PAZ,13.0,24.087222,-110.370556,2013,13.73,0.52,23.79
242-R,Baja California Sur,LA PAZ,13.0,24.085278,-110.373889,2013,13.82,0.52,23.79
228-A,Baja California Sur,LA PAZ,7.0,24.090833,-110.400278,2013,7.16,0.52,23.79
221,Baja California Sur,LA PAZ,15.0,24.076028,-110.377472,2013,16.55,0.52,23.79
217-R,Baja California Sur,LA PAZ,19.0,24.070278,-110.3975,2013,20.78,0.52,23.79
216,Baja California Sur,LA PAZ,32.0,24.0575,-110.398611,2013,34.25,0.52,23.79
20_16_17,Baja California Sur,SANTO DOMINGO,29.9,25.239667,-111.803667,2013,68.6,0.49,22.48
209,Baja California Sur,LA PAZ,38.0,24.027222,-110.368611,2013,43.85,0.52,23.79
208,Baja California Sur,LA PAZ,32.0,24.036389,-110.364167,2013,38.08,0.52,23.79
206,Baja California Sur,LA PAZ,33.0,24.034444,-110.356667,2013,43.8,0.52,23.79
205,Baja California Sur,LA PAZ,25.0,24.053611,-110.359167,2013,30.45,0.52,23.79
2,Baja California Sur,SAN JOSÉ DEL CABO,30.7,23.1145,-109.703167,2013,4.94,0.67,24.27
19_73,Baja California Sur,SANTO DOMINGO,49.63,25.240833,-111.688667,2013,70.7,0.49,22.48
19_25,Baja California Sur,SANTO DOMINGO,48.99,25.201333,-111.712,2013,74.16,0.49,22.48
19_20,Baja California Sur,SANTO DOMINGO,40.98,25.1995,-111.761333,2013,69.1,0.49,22.48
197-A,Baja California Sur,LA PAZ,9.0,24.098611,-110.352778,2013,10.6,0.52,23.79
191-R,Baja California Sur,LA PAZ,10.0,24.096389,-110.3525,2013,10.91,0.52,23.79
186_XIII,Baja California Sur,SAN JOSÉ DEL CABO,23.72,23.086333,-109.699,2013,2.3,0.67,24.27
182,Baja California Sur,LA PAZ,12.0,24.093611,-110.350556,2013,13.43,0.52,23.79
181-R,Baja California Sur,LA PAZ,17.0,24.073611,-110.348889,2013,16.45,0.52,23.79
172,Baja California Sur,LA PAZ,14.0,24.078611,-110.354444,2013,17.09,0.52,23.79
171-A,Baja California Sur,LA PAZ,13.0,24.088333,-110.350833,2013,15.23,0.52,23.79
167-R,Baja California Sur,LA PAZ,42.0,24.0489,-110.334369,2013,48.0,0.52,23.79
166,Baja California Sur,LA PAZ,50.0,24.0477,-110.32655,2013,59.89,0.52,23.79
16,Baja California Sur,SANTO DOMINGO,24.8,25.304667,-111.828333,2013,50.92,0.5,22.6
157_TMI,Baja California Sur,SAN JOSÉ DEL CABO,83.3,23.214667,-109.686333,2013,15.0,0.91,25.07
151,Baja California Sur,LA PAZ,38.0,24.055,-110.333056,2013,45.54,0.52,23.79
15,Baja California Sur,SANTO DOMINGO,52.1,25.347,-111.6795,2013,47.0,0.5,22.6
146,Baja California Sur,LA PAZ,16.0,24.081944,-110.343889,2013,20.9,0.52,23.79
143,Baja California Sur,LA PAZ,36.27,24.030556,-110.356111,2013,43.3,0.52,23.79
141,Baja California Sur,LA PAZ,27.0,24.085097,-110.332044,2013,32.57,0.52,23.79
140,Baja California Sur,LA PAZ,28.0,24.088483,-110.331106,2013,28.25,0.52,23.79
13_18A,Baja California Sur,SANTO DOMINGO,49.3,25.338333,-111.728,2013,68.84,0.5,22.6
138,Baja California Sur,LA PAZ,36.0,24.089228,-110.324194,2013,34.2,0.52,23.79
135-R,Baja California Sur,LA PAZ,18.0,24.108056,-110.325556,2013,16.3,0.52,23.79
134,Baja California Sur,LA PAZ,20.0,24.104028,-110.323978,2013,19.75,0.52,23.79
13-R,Baja California Sur,SAN JOSÉ DEL CABO,60.65,23.169,-109.682833,2013,12.82,0.91,25.07
129-B,Baja California Sur,LA PAZ,26.0,24.098483,-110.316931,2013,29.1,0.52,23.79
128,Baja California Sur,LA PAZ,36.0,24.089719,-110.312672,2013,40.04,0.52,23.79
122-R,Baja California Sur,LA PAZ,15.0,24.085389,-110.366992,2013,15.08,0.52,23.79
12,Baja California Sur,SANTO DOMINGO,27.75,25.358667,-111.836167,2013,47.3,0.5,22.6
111,Baja California Sur,SANTO DOMINGO,47.1,25.371333,-111.713833,2013,45.0,0.5,22.6
109 ROASA,Baja California Sur,SANTIAGO,30.81,23.581333,-109.6155,2013,17.37,0.92,25.21
10,Baja California Sur,SAN JOSÉ DEL CABO,85.73,23.178667,-109.7405,2013,21.5,0.67,24.27
SAPA No.4 R,Baja California Sur,LA PAZ,76.0,23.994167,-110.332778,2014,109.13,1.17,24.94
Sapa No.21,Baja California Sur,LA PAZ,82.0,24.021667,-110.3175,2014,107.92,1.17,24.94
SAPA La Paz (San Pedro),Baja California Sur,LA PAZ,190.0,23.929722,-110.263889,2014,78.79,1.24,25.63
S/N_4,Baja California Sur,LA PAZ,42.0,24.025833,-110.3825,2014,50.24,1.17,24.94
S/N_3,Baja California Sur,LA PAZ,51.0,24.024167,-110.389444,2014,54.74,1.17,24.94
S/N_2,Baja California Sur,LA PAZ,38.0,24.028611,-110.373333,2014,43.5,1.17,24.94
Patricio Suarez A.,Baja California Sur,LA PAZ,215.0,23.93494,-110.24303,2014,20.99,1.24,25.63
Gilberto Chávez A.,Baja California Sur,LA PAZ,194.0,23.934222,-110.261194,2014,24.8,1.24,25.63
BUEN SUR,Baja California Sur,LA PAZ,198.0,23.929278,-110.255333,2014,17.4,1.24,25.63
BOLA DE FUEGO,Baja California Sur,LA PAZ,29.0,24.056667,-110.392222,2014,32.41,1.17,24.94
48_AH_180_ROASA,Baja California Sur,SAN JOSÉ DEL CABO,40.76,23.146333,-109.691167,2014,13.78,1.24,25.4
422,Baja California Sur,LA PAZ,37.0,24.070694,-110.327419,2014,51.58,1.17,24.94
419,Baja California Sur,LA PAZ,13.0,24.112417,-110.328147,2014,14.29,1.17,24.94
416,Baja California Sur,LA PAZ,45.0,24.1225,-110.299167,2014,46.48,1.24,25.63
409,Baja California Sur,LA PAZ,66.0,24.018611,-110.400278,2014,71.74,1.17,24.94
408,Baja California Sur,LA PAZ,11.0,24.077778,-110.398889,2014,15.07,1.17,24.94
407,Baja California Sur,LA PAZ,18.0,24.075,-110.398611,2014,17.85,1.17,24.94
406,Baja California Sur,LA PAZ,14.0,24.089444,-110.408889,2014,15.54,1.17,24.94
391,Baja California Sur,LA PAZ,30.0,24.053056,-110.383611,2014,33.69,1.17,24.94
385,Baja California Sur,LA PAZ,17.0,24.085556,-110.408056,2014,17.36,1.17,24.94
384,Baja California Sur,LA PAZ,34.0,24.0825,-110.419167,2014,36.95,1.17,24.94
380-R,Baja California Sur,LA PAZ,38.0,24.040833,-110.383889,2014,42.48,1.17,24.94
379,Baja California Sur,LA PAZ,13.0,24.099167,-110.416944,2014,14.75,1.17,24.94
378-R,Baja California Sur,LA PAZ,25.0,24.053611,-110.372778,2014,30.98,1.17,24.94
368,Baja California Sur,LA PAZ,11.0,24.102222,-110.418333,2014,12.12,1.17,24.94
326,Baja California Sur,LA PAZ,20.0,24.082222,-110.407778,2014,21.66,1.17,24.94
253,Baja California Sur,LA PAZ,5.0,24.092222,-110.398611,2014,6.29,1.17,24.94
243,Baja California Sur,LA PAZ,13.0,24.087222,-110.370556,2014,14.36,1.17,24.94
242-R,Baja California Sur,LA PAZ,13.0,24.085278,-110.373889,2014,15.04,1.17,24.94
228-A,Baja California Sur,LA PAZ,7.0,24.090833,-110.400278,2014,7.32,1.17,24.94
217-R,Baja California Sur,LA PAZ,19.0,24.070278,-110.3975,2014,21.7,1.17,24.94
216,Baja California Sur,LA PAZ,32.0,24.0575,-110.398611,2014,35.25,1.17,24.94
211,Baja California Sur,LA PAZ,22.0,24.068333,-110.370278,2014,31.77,1.17,24.94
209,Baja California Sur,LA PAZ,38.0,24.027222,-110.368611,2014,56.8,1.17,24.94
208,Baja California Sur,LA PAZ,32.0,24.036389,-110.364167,2014,39.09,1.17,24.94
207-R,Baja California Sur,LA PAZ,29.0,24.043889,-110.368889,2014,37.11,1.17,24.94
205,Baja California Sur,LA PAZ,25.0,24.053611,-110.359167,2014,35.66,1.17,24.94
197-A,Baja California Sur,LA PAZ,9.0,24.098611,-110.352778,2014,11.45,1.17,24.94
191-R,Baja California Sur,LA PAZ,10.0,24.096389,-110.3525,2014,12.2,1.17,24.94
182,Baja California Sur,LA PAZ,12.0,24.093611,-110.350556,2014,13.84,1.17,24.94
181-R,Baja California Sur,LA PAZ,17.0,24.073611,-110.348889,2014,21.81,1.17,24.94
172,Baja California Sur,LA PAZ,14.0,24.078611,-110.354444,2014,18.0,1.17,24.94
171-A,Baja California Sur,LA PAZ,13.0,24.088333,-110.350833,2014,16.18,1.17,24.94
167-R,Baja California Sur,LA PAZ,42.0,24.0489,-110.334369,2014,45.52,1.17,24.94
166,Baja California Sur,LA PAZ,50.0,24.0477,-110.32655,2014,61.12,1.17,24.94
157_TMI,Baja California Sur,SAN JOSÉ DEL CABO,83.3,23.214667,-109.686333,2014,28.38,1.2,26.15
152,Baja California Sur,LA PAZ,25.0,24.057222,-110.343333,2014,32.98,1.17,24.94
151,Baja California Sur,LA PAZ,38.0,24.055,-110.333056,2014,46.97,1.17,24.94
145-R,Baja California Sur,LA PAZ,21.59,24.080753,-110.333206,2014,32.75,1.17,24.94
141,Baja California Sur,LA PAZ,27.0,24.085097,-110.332044,2014,34.1,1.17,24.94
138,Baja California Sur,LA PAZ,36.0,24.089228,-110.324194,2014,36.28,1.17,24.94
135-R,Baja California Sur,LA PAZ,18.0,24.108056,-110.325556,2014,24.03,1.17,24.94
134,Baja California Sur,LA PAZ,20.0,24.104028,-110.323978,2014,17.45,1.17,24.94
13-R,Baja California Sur,SAN JOSÉ DEL CABO,60.65,23.169,-109.682833,2014,18.49,1.2,26.15
129-B,Baja California Sur,LA PAZ,26.0,24.098483,-110.316931,2014,32.7,1.17,24.94
128,Baja California Sur,LA PAZ,36.0,24.089719,-110.312672,2014,41.75,1.17,24.94
10,Baja California Sur,SAN JOSÉ DEL CABO,85.73,23.178667,-109.7405,2014,28.73,1.24,25.4
F_6,Baja California Sur,SANTO DOMINGO,28.95,25.253833,-111.925,2015,24.5,1.07,24.03
77_15,Baja California Sur,SANTO DOMINGO,61.79,25.249167,-111.63,2015,78.0,0.65,24.23
76_9B,Baja California Sur,SANTO DOMINGO,61.79,25.328833,-111.6305,2015,44.8,1.07,24.03
73_49_1,Baja California Sur,SANTO DOMINGO,14.16,24.7725,-111.67,2015,22.8,0.65,24.23
7,Baja California Sur,SANTO DOMINGO,20.87,25.408833,-111.888333,2015,29.25,1.07,24.03
59.1,Baja California Sur,SANTO DOMINGO,48.32,24.9145,-111.608333,2015,63.08,0.65,24.23
57_611_2,Baja California Sur,SANTO DOMINGO,33.86,24.920333,-111.683,2015,47.92,0.65,24.23
55_7,Baja California Sur,SANTO DOMINGO,31.26,24.949167,-111.730333,2015,37.4,0.65,24.23
54-12,Baja California Sur,SANTO DOMINGO,47.85,24.9775,-111.649167,2015,69.82,0.65,24.23
50.26,Baja California Sur,SANTO DOMINGO,60.34,24.963667,-111.587833,2015,63.17,0.65,24.23
48_08,Baja California Sur,SANTO DOMINGO,41.96,25.021167,-111.735833,2015,72.8,0.65,24.23
46_24,Baja California Sur,SANTO DOMINGO,36.65,25.0225,-111.785333,2015,55.5,0.65,24.23
45_20,Baja California Sur,SANTO DOMINGO,31.23,25.018,-111.833667,2015,41.73,0.65,24.23
42_34,Baja California Sur,SANTO DOMINGO,54.33,25.077,-111.7,2015,62.73,0.65,24.23
42_06,Baja California Sur,SANTO DOMINGO,44.82,25.112833,-111.7275,2015,66.0,0.65,24.23
42975,Baja California Sur,SANTO DOMINGO,63.48,25.197167,-111.655833,2015,73.76,0.65,24.23
41_01,Baja California Sur,SANTO DOMINGO,36.78,25.072833,-111.775833,2015,55.36,0.65,24.23
40_04,Baja California Sur,SANTO DOMINGO,34.71,25.062833,-111.802167,2015,53.34,0.65,24.23
4,Baja California Sur,SANTO DOMINGO,12.64,25.4545,-111.9175,2015,19.4,1.07,24.03
38_2,Baja California Sur,SANTO DOMINGO,53.27,25.075,-111.638333,2015,37.05,0.65,24.23
37_32,Baja California Sur,SANTO DOMINGO,69.22,25.1375,-111.579167,2015,40.0,0.65,24.23
36_25,Baja California Sur,SANTO DOMINGO,53.64,25.123333,-111.670833,2015,48.18,0.65,24.23
35_21,Baja California Sur,SANTO DOMINGO,30.79,25.1055,-111.852,2015,40.0,0.65,24.23
35_14,Baja California Sur,SANTO DOMINGO,20.54,25.128,-111.902167,2015,31.0,0.65,24.23
33,Baja California Sur,SANTO DOMINGO,45.63,25.149667,-111.7455,2015,77.4,0.65,24.23
32_02,Baja California Sur,SANTO DOMINGO,16.31,25.128,-111.951167,2015,25.9,0.65,24.23
31-27,Baja California Sur,SANTO DOMINGO,72.03,25.193,-111.608667,2015,61.0,0.65,24.23
25,Baja California Sur,SANTO DOMINGO,34.55,25.222,-111.8355,2015,61.2,0.65,24.23
20_16_17,Baja California Sur,SANTO DOMINGO,29.9,25.239667,-111.803667,2015,66.27,0.65,24.23
19_73,Baja California Sur,SANTO DOMINGO,49.63,25.240833,-111.688667,2015,70.25,0.65,24.23
19_25,Baja California Sur,SANTO DOMINGO,48.99,25.201333,-111.712,2015,75.72,0.65,24.23
19_20,Baja California Sur,SANTO DOMINGO,40.98,25.1995,-111.761333,2015,71.2,0.65,24.23
16,Baja California Sur,SANTO DOMINGO,24.8,25.304667,-111.828333,2015,53.26,1.07,24.03
15,Baja California Sur,SANTO DOMINGO,52.1,25.347,-111.6795,2015,45.4,1.07,24.03
13_18A,Baja California Sur,SANTO DOMINGO,49.3,25.338333,-111.728,2015,62.5,1.07,24.03
12,Baja California Sur,SANTO DOMINGO,27.75,25.358667,-111.836167,2015,48.1,1.07,24.03
111,Baja California Sur,SANTO DOMINGO,47.1,25.371333,-111.713833,2015,45.13,1.07,24.03
SAPA No.4 R,Baja California Sur,LA PAZ,76.0,23.994167,-110.332778,2016,102.97,0.73,24.68
Sapa No.21,Baja California Sur,LA PAZ,82.0,24.021667,-110.3175,2016,112.3,0.73,24.68
S/N_4,Baja California Sur,LA PAZ,42.0,24.025833,-110.3825,2016,48.31,0.73,24.68
S/N_2,Baja California Sur,LA PAZ,38.0,24.028611,-110.373333,2016,43.48,0.73,24.68
M53,Baja California Sur,MULEGÉ,11.73,26.872842,-112.004714,2016,4.75,1.07,24.89
M5-M35,Baja California Sur,MULEGÉ,16.34,26.880128,-112.027167,2016,10.62,1.07,24.89
M42,Baja California Sur,MULEGÉ,40.0,26.846097,-112.046803,2016,31.81,1.07,24.89
M41,Baja California Sur,MULEGÉ,10.2,26.884011,-112.004681,2016,5.63,1.07,24.89
M40,Baja California Sur,MULEGÉ,10.2,26.881111,-112.000772,2016,6.46,1.07,24.89
M38,Baja California Sur,MULEGÉ,9.43,26.880972,-111.997544,2016,5.69,1.07,24.89
M36,Baja California Sur,MULEGÉ,8.15,26.883069,-111.996125,2016,4.78,1.07,24.89
M34,Baja California Sur,MULEGÉ,14.34,26.882506,-112.019342,2016,8.58,1.07,24.89
M33,Baja California Sur,MULEGÉ,13.57,26.882172,-112.018047,2016,7.83,1.07,24.89
M30,Baja California Sur,MULEGÉ,13.32,26.884861,-112.017889,2016,7.56,1.07,24.89
M29,Baja California Sur,MULEGÉ,11.19,26.882417,-112.011717,2016,5.95,1.07,24.89
M28,Baja California Sur,MULEGÉ,11.05,26.885711,-112.011081,2016,5.79,1.07,24.89
M25,Baja California Sur,MULEGÉ,7.93,26.887783,-111.999022,2016,4.29,1.07,24.89
M23,Baja California Sur,MULEGÉ,2.9,26.895856,-111.960006,2016,3.15,1.07,24.89
M22,Baja California Sur,MULEGÉ,11.55,26.880192,-112.003406,2016,6.91,1.07,24.89
M21,Baja California Sur,MULEGÉ,10.98,26.878983,-112.003181,2016,6.52,1.07,24.89
M19,Baja California Sur,MULEGÉ,12.33,26.877719,-112.008428,2016,7.14,1.07,24.89
M18,Baja California Sur,MULEGÉ,13.38,26.878094,-112.014014,2016,12.2,1.07,24.89
M17,Baja California Sur,MULEGÉ,12.1,26.874858,-112.010222,2016,7.5,1.07,24.89
M16,Baja California Sur,MULEGÉ,14.77,26.8752,-112.020078,2016,8.72,1.07,24.89
M15,Baja California Sur,MULEGÉ,14.27,26.869947,-112.017556,2016,8.73,1.07,24.89
M14,Baja California Sur,MULEGÉ,14.48,26.871014,-112.018847,2016,8.83,1.07,24.89
M13,Baja California Sur,MULEGÉ,16.24,26.869197,-112.024425,2016,10.11,1.07,24.89
M12,Baja California Sur,MULEGÉ,17.77,26.870861,-112.029922,2016,11.56,1.07,24.89
M11,Baja California Sur,MULEGÉ,20.69,26.867908,-112.035803,2016,14.11,1.07,24.89
M10,Baja California Sur,MULEGÉ,19.59,26.862883,-112.032206,2016,12.93,1.07,24.89
M09,Baja California Sur,MULEGÉ,23.25,26.862294,-112.040097,2016,16.2,1.07,24.89
M08,Baja California Sur,MULEGÉ,34.0,26.856583,-112.05325,2016,23.95,1.07,24.89
M01,Baja California Sur,MULEGÉ,22.98,26.902014,-112.047656,2016,16.4,1.07,24.89
La Laguna 1,Baja California Sur,SANTIAGO,114.6,23.4755,-109.714167,2016,4.6,0.75,25.1
La Cienega,Baja California Sur,SANTIAGO,77.74,23.536833,-109.679167,2016,8.33,1.18,26.11
Gilberto Chávez A.,Baja California Sur,LA PAZ,194.0,23.934222,-110.261194,2016,21.93,0.81,25.5
EL PALMAR,Baja California Sur,LA PAZ,194.0,23.932528,-110.259556,2016,23.22,0.81,25.5
El Cantil,Baja California Sur,SANTIAGO,95.3,23.4975,-109.706833,2016,7.52,0.75,25.1
BUEN SUR,Baja California Sur,LA PAZ,198.0,23.929278,-110.255333,2016,17.54,0.81,25.5
BOLA DE FUEGO,Baja California Sur,LA PAZ,29.0,24.056667,-110.392222,2016,32.21,0.73,24.68
48_AH_180_ROASA,Baja California Sur,SAN JOSÉ DEL CABO,40.76,23.146333,-109.691167,2016,7.19,1.0,25.15
47 TMI_PBPI,Baja California Sur,SANTIAGO,61.6,23.541333,-109.664167,2016,18.15,1.18,26.11
416,Baja California Sur,LA PAZ,45.0,24.1225,-110.299167,2016,43.6,0.81,25.5
415,Baja California Sur,LA PAZ,40.0,24.108333,-110.291667,2016,37.9,0.81,25.5
409,Baja California Sur,LA PAZ,66.0,24.018611,-110.400278,2016,72.37,0.73,24.68
408,Baja California Sur,LA PAZ,11.0,24.077778,-110.398889,2016,15.39,0.73,24.68
407,Baja California Sur,LA PAZ,18.0,24.075,-110.398611,2016,18.21,0.73,24.68
405,Baja California Sur,LA PAZ,38.0,24.063056,-110.411111,2016,41.38,0.73,24.68
403,Baja California Sur,LA PAZ,33.0,24.038333,-110.37,2016,39.07,0.73,24.68
391,Baja California Sur,LA PAZ,30.0,24.053056,-110.383611,2016,26.26,0.73,24.68
385,Baja California Sur,LA PAZ,17.0,24.085556,-110.408056,2016,17.81,0.73,24.68
384,Baja California Sur,LA PAZ,34.0,24.0825,-110.419167,2016,35.87,0.73,24.68
381-R,Baja California Sur,LA PAZ,39.0,24.069444,-110.413889,2016,40.27,0.73,24.68
380-R,Baja California Sur,LA PAZ,38.0,24.040833,-110.383889,2016,42.9,0.73,24.68
36_TMI,Baja California Sur,SANTIAGO,11.29,23.586,-109.568333,2016,9.55,1.18,26.11
368,Baja California Sur,LA PAZ,11.0,24.102222,-110.418333,2016,15.58,0.73,24.68
326,Baja California Sur,LA PAZ,20.0,24.082222,-110.407778,2016,21.93,0.73,24.68
253,Baja California Sur,LA PAZ,5.0,24.092222,-110.398611,2016,6.46,0.73,24.68
252,Baja California Sur,LA PAZ,10.0,24.089167,-110.380556,2016,10.39,0.73,24.68
248-R,Baja California Sur,LA PAZ,30.0,24.044722,-110.3575,2016,33.38,0.73,24.68
243,Baja California Sur,LA PAZ,13.0,24.087222,-110.370556,2016,14.84,0.73,24.68
242-R,Baja California Sur,LA PAZ,13.0,24.085278,-110.373889,2016,15.44,0.73,24.68
228-A,Baja California Sur,LA PAZ,7.0,24.090833,-110.400278,2016,7.8,0.73,24.68
217-R,Baja California Sur,LA PAZ,19.0,24.070278,-110.3975,2016,22.14,0.73,24.68
211,Baja California Sur,LA PAZ,22.0,24.068333,-110.370278,2016,24.72,0.73,24.68
208,Baja California Sur,LA PAZ,32.0,24.036389,-110.364167,2016,37.39,0.73,24.68
205,Baja California Sur,LA PAZ,25.0,24.053611,-110.359167,2016,32.05,0.73,24.68
2,Baja California Sur,SAN JOSÉ DEL CABO,30.7,23.1145,-109.703167,2016,5.01,1.0,25.15
197-A,Baja California Sur,LA PAZ,9.0,24.098611,-110.352778,2016,11.74,0.73,24.68
191-R,Baja California Sur,LA PAZ,10.0,24.096389,-110.3525,2016,12.39,0.73,24.68
182,Baja California Sur,LA PAZ,12.0,24.093611,-110.350556,2016,15.79,0.73,24.68
181-R,Baja California Sur,LA PAZ,17.0,24.073611,-110.348889,2016,22.26,0.73,24.68
172,Baja California Sur,LA PAZ,14.0,24.078611,-110.354444,2016,18.36,0.73,24.68
171-A,Baja California Sur,LA PAZ,13.0,24.088333,-110.350833,2016,16.44,0.73,24.68
166,Baja California Sur,LA PAZ,50.0,24.0477,-110.32655,2016,61.5,0.73,24.68
157_TMI,Baja California Sur,SAN JOSÉ DEL CABO,83.3,23.214667,-109.686333,2016,22.58,1.4,25.93
153,Baja California Sur,LA PAZ,21.09,24.058889,-110.3475,2016,30.04,0.73,24.68
151,Baja California Sur,LA PAZ,38.0,24.055,-110.333056,2016,47.16,0.73,24.68
146,Baja California Sur,LA PAZ,16.0,24.081944,-110.343889,2016,21.21,0.73,24.68
145-R,Baja California Sur,LA PAZ,21.59,24.080753,-110.333206,2016,25.49,0.73,24.68
141,Baja California Sur,LA PAZ,27.0,24.085097,-110.332044,2016,25.97,0.73,24.68
138,Baja California Sur,LA PAZ,36.0,24.089228,-110.324194,2016,38.94,0.73,24.68
135-R,Baja California Sur,LA PAZ,18.0,24.108056,-110.325556,2016,17.84,0.73,24.68
134,Baja California Sur,LA PAZ,20.0,24.104028,-110.323978,2016,21.69,0.73,24.68
13-R,Baja California Sur,SAN JOSÉ DEL CABO,60.65,23.169,-109.682833,2016,10.59,1.4,25.93
129-B,Baja California Sur,LA PAZ,26.0,24.098483,-110.316931,2016,30.88,0.73,24.68
128,Baja California Sur,LA PAZ,36.0,24.089719,-110.312672,2016,41.75,0.73,24.68
122-R,Baja California Sur,LA PAZ,15.0,24.085389,-110.366992,2016,16.07,0.73,24.68
109 ROASA,Baja California Sur,SANTIAGO,30.81,23.581333,-109.6155,2016,13.95,1.18,26.11
10,Baja California Sur,SAN JOSÉ DEL CABO,85.73,23.178667,-109.7405,2016,19.13,1.0,25.15
SAPA La Paz (San Pedro),Baja California Sur,LA PAZ,190.0,23.929722,-110.263889,2022,99.34,0.88,24.83
S/N_4,Baja California Sur,LA PAZ,42.0,24.025833,-110.3825,2022,57.82,0.67,24.01
Patricio Suarez A.,Baja California Sur,LA PAZ,215.0,23.93494,-110.24303,2022,17.2,0.88,24.83
Gilberto Chávez A.,Baja California Sur,LA PAZ,194.0,23.934222,-110.261194,2022,25.72,0.88,24.83
EL PALMAR,Baja California Sur,LA PAZ,194.0,23.932528,-110.259556,2022,26.33,0.88,24.83
BUEN SUR,Baja California Sur,LA PAZ,198.0,23.929278,-110.255333,2022,18.79,0.88,24.83
BOLA DE FUEGO,Baja California Sur,LA PAZ,29.0,24.056667,-110.392222,2022,35.01,0.67,24.01
422,Baja California Sur,LA PAZ,37.0,24.070694,-110.327419,2022,35.42,0.67,24.01
416,Baja California Sur,LA PAZ,45.0,24.1225,-110.299167,2022,44.04,0.88,24.83
415,Baja California Sur,LA PAZ,40.0,24.108333,-110.291667,2022,39.01,0.88,24.83
406,Baja California Sur,LA PAZ,14.0,24.089444,-110.408889,2022,15.73,0.67,24.01
405,Baja California Sur,LA PAZ,38.0,24.063056,-110.411111,2022,26.1,0.67,24.01
403,Baja California Sur,LA PAZ,33.0,24.038333,-110.37,2022,39.15,0.67,24.01
385,Baja California Sur,LA PAZ,17.0,24.085556,-110.408056,2022,17.96,0.67,24.01
380-R,Baja California Sur,LA PAZ,38.0,24.040833,-110.383889,2022,44.3,0.67,24.01
253,Baja California Sur,LA PAZ,5.0,24.092222,-110.398611,2022,6.0,0.67,24.01
252,Baja California Sur,LA PAZ,10.0,24.089167,-110.380556,2022,10.12,0.67,24.01
248-R,Baja California Sur,LA PAZ,30.0,24.044722,-110.3575,2022,13.99,0.67,24.01
228-A,Baja California Sur,LA PAZ,7.0,24.090833,-110.400278,2022,10.02,0.67,24.01
216,Baja California Sur,LA PAZ,32.0,24.0575,-110.398611,2022,19.42,0.67,24.01
209,Baja California Sur,LA PAZ,38.0,24.027222,-110.368611,2022,59.32,0.67,24.01
205,Baja California Sur,LA PAZ,25.0,24.053611,-110.359167,2022,42.16,0.67,24.01
197-A,Baja California Sur,LA PAZ,9.0,24.098611,-110.352778,2022,11.52,0.67,24.01
191-R,Baja California Sur,LA PAZ,10.0,24.096389,-110.3525,2022,8.3,0.67,24.01
182,Baja California Sur,LA PAZ,12.0,24.093611,-110.350556,2022,14.02,0.67,24.01
181-R,Baja California Sur,LA PAZ,17.0,24.073611,-110.348889,2022,23.3,0.67,24.01
172,Baja California Sur,LA PAZ,14.0,24.078611,-110.354444,2022,18.0,0.67,24.01
164,Baja California Sur,LA PAZ,51.0,24.061136,-110.320028,2022,76.28,0.67,24.01
151,Baja California Sur,LA PAZ,38.0,24.055,-110.333056,2022,57.99,0.67,24.01
141,Baja California Sur,LA PAZ,27.0,24.085097,-110.332044,2022,39.53,0.67,24.01
137,Baja California Sur,LA PAZ,28.0,24.09143,-110.31356,2022,46.16,0.67,24.01
135-R,Baja California Sur,LA PAZ,18.0,24.108056,-110.325556,2022,17.37,0.67,24.01
134,Baja California Sur,LA PAZ,20.0,24.104028,-110.323978,2022,21.14,0.67,24.01
129-B,Baja California Sur,LA PAZ,26.0,24.098483,-110.316931,2022,40.49,0.67,24.01
OBS-VIZ-55,Baja California Sur,VIZCAÍNO,76.82,27.646306,-113.423722,2024,33.89,0.1,22.46
OBS-VIZ-54,Baja California Sur,VIZCAÍNO,71.7,27.648194,-113.473222,2024,37.07,0.1,21.19
OBS-VIZ-53,Baja California Sur,VIZCAÍNO,77.01,27.673,-113.470222,2024,42.65,0.1,21.19
OBS-VIZ-51,Baja California Sur,VIZCAÍNO,74.69,27.470306,-113.298167,2024,46.76,0.1,22.46
OBS-VIZ-49,Baja California Sur,VIZCAÍNO,62.57,27.541056,-113.377861,2024,32.7,0.1,22.46
OBS-VIZ-45,Baja California Sur,VIZCAÍNO,117.98,27.779247,-113.328153,2024,41.15,0.1,22.35
OBS-VIZ-43,Baja California Sur,VIZCAÍNO,146.67,27.831994,-113.266525,2024,36.92,0.1,22.35
OBS-VIZ-36,Baja California Sur,VIZCAÍNO,51.0,27.822375,-113.701111,2024,34.82,0.1,20.34
OBS-VIZ-35,Baja California Sur,VIZCAÍNO,68.64,27.599947,-113.384239,2024,35.12,0.1,22.46
OBS-VIZ-34,Baja California Sur,VIZCAÍNO,52.99,27.572375,-113.534375,2024,18.93,0.1,21.19
OBS-VIZ-31,Baja California Sur,VIZCAÍNO,31.98,27.615636,-113.6673,2024,17.0,0.1,21.19
OBS-VIZ-30,Baja California Sur,VIZCAÍNO,145.68,27.840139,-113.299111,2024,38.94,0.1,22.35
OBS-VIZ-28,Baja California Sur,VIZCAÍNO,79.16,27.667597,-113.468389,2024,41.43,0.1,21.19
OBS-VIZ-26,Baja California Sur,VIZCAÍNO,76.16,27.471083,-113.28975,2024,44.72,0.1,22.46
OBS-VIZ-25,Baja California Sur,VIZCAÍNO,63.15,27.510778,-113.382389,2024,29.72,0.1,22.46
OBS-VIZ-22,Baja California Sur,VIZCAÍNO,58.26,27.527611,-113.394111,2024,29.54,0.1,22.46
OBS-VIZ-16B,Baja California Sur,VIZCAÍNO,46.0,27.886117,-113.798961,2024,32.05,0.1,20.34
OBS-VIZ-14,Baja California Sur,VIZCAÍNO,84.27,27.753542,-113.476833,2024,44.11,0.1,20.34
OBS-VIZ-10,Baja California Sur,VIZCAÍNO,57.43,27.926275,-113.805153,2024,41.54,0.1,20.34
OBS-VIZ-09,Baja California Sur,VIZCAÍNO,71.77,27.896689,-113.7322,2024,46.96,0.1,20.34
OBS-VIZ-01,Baja California Sur,VIZCAÍNO,53.87,27.571431,-113.522964,2024,24.0,0.1,21.19
